dim,rmse,mae
0,12.699204105238039,10.584990757153264
1,11.145563256014713,9.499376756233536
2,12.973271951885085,11.116577202658542
