{
    "overall": {
        "rmse": 12.299039940010063,
        "mae": 10.400314905348447
    },
    "horizon": 24,
    "target_indices": [
        0,
        1,
        2
    ]
}