{
    "overall": {
        "rmse": 13.788141883237763,
        "mae": 9.852901096817323
    },
    "horizon": 24
}