{
    "overall": {
        "rmse": 20.985670543128577,
        "mae": 15.560527748485946
    },
    "horizon": 24
}