{
    "overall": {
        "rmse": 9.271181889186769,
        "mae": 6.4283901103668555
    },
    "horizon": 40
}