{
    "overall": {
        "rmse": 13.911689922970444,
        "mae": 9.303113126879103
    },
    "horizon": 24
}