{
    "overall": {
        "rmse": 97778554817.90395,
        "mae": 18841311038.179554
    },
    "horizon": 40
}