{
    "overall": {
        "rmse": 17.041921524175645,
        "mae": 12.272827729562627
    },
    "horizon": 24
}