{
    "overall": {
        "rmse": 13.84252489874242,
        "mae": 9.204668112068077
    },
    "horizon": 24
}