{
    "overall": {
        "rmse": 13.915646574404652,
        "mae": 9.319439283598548
    },
    "horizon": 24
}