{
    "step": 1,
    "traindata_stats": {
        "name": "traindata",
        "shape": [
            400,
            36
        ],
        "nan_count": 5,
        "inf_count": 0,
        "min": 3.0,
        "max": 517.1016,
        "mean": 124.92963932269538,
        "std": 102.20972402092077
    },
    "baseline_prev_true_stats": {
        "name": "baseline_prev_true",
        "shape": [
            36
        ],
        "nan_count": 5,
        "inf_count": 0,
        "min": 119.0,
        "max": 271.0,
        "mean": 160.4516129032258,
        "std": 30.589729153044292
    },
    "targets": [
        {
            "target_idx": 0,
            "L": 10,
            "s_selected": 200,
            "ok_count": 33,
            "fail_exception_count": 0,
            "fail_degenerate_count": 167,
            "valid_pred_count": 33,
            "pred_min": 128.37252160903688,
            "pred_max": 187.38590181907807,
            "pred_mean": 157.50967335144253
        },
        {
            "target_idx": 1,
            "L": 10,
            "s_selected": 200,
            "ok_count": 0,
            "fail_exception_count": 0,
            "fail_degenerate_count": 200,
            "valid_pred_count": 0,
            "pred_min": null,
            "pred_max": null,
            "pred_mean": null
        },
        {
            "target_idx": 2,
            "L": 10,
            "s_selected": 200,
            "ok_count": 32,
            "fail_exception_count": 0,
            "fail_degenerate_count": 168,
            "valid_pred_count": 32,
            "pred_min": 141.08252674170805,
            "pred_max": 168.6460890507181,
            "pred_mean": 151.52249330180348
        }
    ],
    "pred_row_stats": {
        "name": "pred_row",
        "shape": [
            36
        ],
        "nan_count": 5,
        "inf_count": 0,
        "min": 119.0,
        "max": 271.0,
        "mean": 160.39408847379684,
        "std": 30.44263668955033
    },
    "true_row_stats": {
        "name": "true_row",
        "shape": [
            36
        ],
        "nan_count": 4,
        "inf_count": 0,
        "min": 122.0,
        "max": 288.0,
        "mean": 165.40625,
        "std": 32.7183619843277
    }
}