{
    "step": 0,
    "traindata_stats": {
        "name": "traindata",
        "shape": [
            400,
            36
        ],
        "nan_count": 0,
        "inf_count": 0,
        "min": 3.0,
        "max": 517.1016,
        "mean": 124.60458493758333,
        "std": 102.29013974805737
    },
    "baseline_prev_true_stats": {
        "name": "baseline_prev_true",
        "shape": [
            36
        ],
        "nan_count": 0,
        "inf_count": 0,
        "min": 95.0,
        "max": 249.0,
        "mean": 158.7578480555556,
        "std": 36.30095814934862
    },
    "targets": [
        {
            "target_idx": 0,
            "L": 10,
            "s_selected": 200,
            "ok_count": 200,
            "fail_exception_count": 0,
            "fail_degenerate_count": 0,
            "valid_pred_count": 200,
            "pred_min": 139.17570007324986,
            "pred_max": 211.25223386628474,
            "pred_mean": 167.22045147492383
        },
        {
            "target_idx": 1,
            "L": 10,
            "s_selected": 200,
            "ok_count": 200,
            "fail_exception_count": 0,
            "fail_degenerate_count": 0,
            "valid_pred_count": 200,
            "pred_min": 117.46208317395602,
            "pred_max": 197.7396094343424,
            "pred_mean": 160.56760756116316
        },
        {
            "target_idx": 2,
            "L": 10,
            "s_selected": 200,
            "ok_count": 200,
            "fail_exception_count": 0,
            "fail_degenerate_count": 0,
            "valid_pred_count": 200,
            "pred_min": 131.34486641615607,
            "pred_max": 174.83504430900283,
            "pred_mean": 150.1659638026909
        }
    ],
    "pred_row_stats": {
        "name": "pred_row",
        "shape": [
            36
        ],
        "nan_count": 0,
        "inf_count": 0,
        "min": 95.0,
        "max": 249.0,
        "mean": 159.37940527084146,
        "std": 36.22197444802295
    },
    "true_row_stats": {
        "name": "true_row",
        "shape": [
            36
        ],
        "nan_count": 5,
        "inf_count": 0,
        "min": 119.0,
        "max": 271.0,
        "mean": 160.4516129032258,
        "std": 30.589729153044292
    }
}