{
    "overall": {
        "rmse": 13.898402228953909,
        "mae": 9.279283077164555
    },
    "horizon": 24
}