{
    "overall": {
        "rmse": 13.919352935718683,
        "mae": 9.296527888471921
    },
    "horizon": 24
}