dim,name,rmse,mae
0,dim_0,7.719042562310349,6.1368308847733415
1,dim_1,7.111147761144018,5.7443786743432
2,dim_2,8.144783561294133,6.525065512985141
