{
    "overall": {
        "rmse": 7.670061708137457,
        "mae": 6.135425024033895
    },
    "horizon": 24
}