{
  "seed": 46,
  "timestamp": "20260420_031736",
  "trainlength": 60,
  "horizon": 40,
  "target_dim": 0,
  "dataset": "lorenz63",
  "rde_full40": {
    "rmse": 0.5287693821527494,
    "mae": 0.3283626225957151
  },
  "rde_delay_full40": {
    "rmse": 2.3115742536496646,
    "mae": 1.7559376994403504
  },
  "rde_cmp20": {
    "rmse": 0.5238974944960301,
    "mae": 0.31746845579452837
  },
  "rde_delay_cmp20": {
    "rmse": 2.2077266347766256,
    "mae": 1.5860020628570575
  },
  "csdi_impute_rmse": 0.11817569119292222
}