{
    "overall": {
        "rmse": 7.525951089660472,
        "mae": 6.230959350156506
    },
    "horizon": 24,
    "target_indices": [
        0,
        1,
        2
    ]
}