{
    "overall": {
        "rmse": 13.943440562636935,
        "mae": 9.3457125479429
    },
    "horizon": 24
}