{
    "step": 0,
    "traindata_stats": {
        "name": "traindata",
        "shape": [
            400,
            36
        ],
        "nan_count": 0,
        "inf_count": 0,
        "min": 3.0,
        "max": 517.1016,
        "mean": 124.60458493758333,
        "std": 102.29013974805737
    },
    "baseline_prev_true_stats": {
        "name": "baseline_prev_true",
        "shape": [
            36
        ],
        "nan_count": 0,
        "inf_count": 0,
        "min": 95.0,
        "max": 249.0,
        "mean": 158.7578480555556,
        "std": 36.30095814934862
    },
    "targets": [
        {
            "target_idx": 0,
            "L": 5,
            "s_selected": 200,
            "ok_count": 200,
            "fail_exception_count": 0,
            "fail_degenerate_count": 0,
            "valid_pred_count": 200,
            "pred_min": 79.68178859452671,
            "pred_max": 212.95198793635916,
            "pred_mean": 157.0317652408609
        },
        {
            "target_idx": 1,
            "L": 5,
            "s_selected": 200,
            "ok_count": 200,
            "fail_exception_count": 0,
            "fail_degenerate_count": 0,
            "valid_pred_count": 200,
            "pred_min": 82.19251774841584,
            "pred_max": 260.0320614540542,
            "pred_mean": 158.5591050366682
        },
        {
            "target_idx": 2,
            "L": 5,
            "s_selected": 200,
            "ok_count": 200,
            "fail_exception_count": 0,
            "fail_degenerate_count": 0,
            "valid_pred_count": 200,
            "pred_min": 53.22705384610302,
            "pred_max": 181.05266671671578,
            "pred_mean": 145.98150962996277
        }
    ],
    "pred_row_stats": {
        "name": "pred_row",
        "shape": [
            36
        ],
        "nan_count": 0,
        "inf_count": 0,
        "min": 95.0,
        "max": 249.0,
        "mean": 158.91171797067375,
        "std": 36.2366089021121
    },
    "true_row_stats": {
        "name": "true_row",
        "shape": [
            36
        ],
        "nan_count": 5,
        "inf_count": 0,
        "min": 119.0,
        "max": 271.0,
        "mean": 160.4516129032258,
        "std": 30.589729153044292
    }
}