dim,name,rmse,mae
0,dim_0,6.64080943402281,5.230584835010632
1,dim_1,6.307828864645209,5.520992225546252
2,dim_2,5.725918919030711,4.813490709330533
