{
    "overall": {
        "rmse": 13.896655987201537,
        "mae": 9.268108276351612
    },
    "horizon": 24
}