dim,name,rmse,mae
0,dim_0,16.99913439848575,12.427625410622872
1,dim_1,16.520341281342738,11.865768011316504
2,dim_2,17.589457676650092,12.525089766748502
