{
  "overall": {
    "rmse": 8.760570129664806,
    "mae": 7.137931274120274
  },
  "horizon": 40
}