{
    "overall": {
        "rmse": 9.939031641608441,
        "mae": 7.158819272574819
    },
    "horizon": 40
}