{
  "config": {
    "n_seeds": 5,
    "seed_offset": 0,
    "n_ctx": 512,
    "dt": 0.025,
    "device": "cuda",
    "saits_ckpt": "experiments/week2_modules/ckpts/saits_l63_pretrained/20260501_T153756/SAITS.pypots",
    "tag": "l63_sp65_sp82_per_layer_5seed"
  },
  "summary": {
    "SP65": {
      "linear": {
        "0": {
          "paired_l2_mean": 103.1416078488032,
          "paired_l2_median": 77.06357955932617,
          "cosine_mean": 0.08692672699689866,
          "n": 480
        },
        "1": {
          "paired_l2_mean": 67.18968427181244,
          "paired_l2_median": 52.474365234375,
          "cosine_mean": 0.00010203743974367778,
          "n": 480
        },
        "2": {
          "paired_l2_mean": 68.60730689764023,
          "paired_l2_median": 52.383798599243164,
          "cosine_mean": 0.0001168724149465561,
          "n": 480
        },
        "3": {
          "paired_l2_mean": 89.11560014088948,
          "paired_l2_median": 73.07867431640625,
          "cosine_mean": 0.000154649093747139,
          "n": 480
        },
        "4": {
          "paired_l2_mean": 128.45229926904042,
          "paired_l2_median": 114.17201232910156,
          "cosine_mean": 0.0002080116420984268,
          "n": 480
        },
        "5": {
          "paired_l2_mean": 134.5638081073761,
          "paired_l2_median": 119.96046447753906,
          "cosine_mean": 0.0002498100201288859,
          "n": 480
        },
        "6": {
          "paired_l2_mean": 147.15249258677164,
          "paired_l2_median": 131.92194366455078,
          "cosine_mean": 0.00030385653177897136,
          "n": 480
        },
        "7": {
          "paired_l2_mean": 162.95078225135802,
          "paired_l2_median": 149.21599578857422,
          "cosine_mean": 0.000342521940668424,
          "n": 480
        },
        "8": {
          "paired_l2_mean": 143.56036955515543,
          "paired_l2_median": 130.10862731933594,
          "cosine_mean": 0.00036597996950149536,
          "n": 480
        },
        "9": {
          "paired_l2_mean": 127.85890362262725,
          "paired_l2_median": 118.6766586303711,
          "cosine_mean": 0.0004617140938838323,
          "n": 480
        },
        "10": {
          "paired_l2_mean": 146.09425924619038,
          "paired_l2_median": 134.98220825195312,
          "cosine_mean": 0.00046957855423291527,
          "n": 480
        },
        "11": {
          "paired_l2_mean": 123.91210463047028,
          "paired_l2_median": 114.35615158081055,
          "cosine_mean": 0.00048742381234963733,
          "n": 480
        },
        "12": {
          "paired_l2_mean": 63.861423099040984,
          "paired_l2_median": 52.49472618103027,
          "cosine_mean": 0.1409256264567375,
          "n": 480
        }
      },
      "saits_pretrained": {
        "0": {
          "paired_l2_mean": 51.50980439086755,
          "paired_l2_median": 44.91154670715332,
          "cosine_mean": 0.018571360409259795,
          "n": 480
        },
        "1": {
          "paired_l2_mean": 31.62818177541097,
          "paired_l2_median": 28.71287250518799,
          "cosine_mean": 1.8949434161186218e-05,
          "n": 480
        },
        "2": {
          "paired_l2_mean": 31.389796006679536,
          "paired_l2_median": 27.056710243225098,
          "cosine_mean": 2.3067866762479147e-05,
          "n": 480
        },
        "3": {
          "paired_l2_mean": 39.7959019780159,
          "paired_l2_median": 35.35305595397949,
          "cosine_mean": 3.245547413825989e-05,
          "n": 480
        },
        "4": {
          "paired_l2_mean": 54.56689982414245,
          "paired_l2_median": 52.56657028198242,
          "cosine_mean": 4.022705058256785e-05,
          "n": 480
        },
        "5": {
          "paired_l2_mean": 64.93368841807047,
          "paired_l2_median": 62.68027305603027,
          "cosine_mean": 4.704929888248444e-05,
          "n": 480
        },
        "6": {
          "paired_l2_mean": 73.38186504046122,
          "paired_l2_median": 69.93413543701172,
          "cosine_mean": 5.525661011536916e-05,
          "n": 480
        },
        "7": {
          "paired_l2_mean": 79.02206146717072,
          "paired_l2_median": 73.96626281738281,
          "cosine_mean": 6.153409679730734e-05,
          "n": 480
        },
        "8": {
          "paired_l2_mean": 67.40884420077006,
          "paired_l2_median": 61.91521644592285,
          "cosine_mean": 6.351806223392487e-05,
          "n": 480
        },
        "9": {
          "paired_l2_mean": 58.24565827846527,
          "paired_l2_median": 55.62821578979492,
          "cosine_mean": 8.333561321099599e-05,
          "n": 480
        },
        "10": {
          "paired_l2_mean": 61.51754505634308,
          "paired_l2_median": 59.099056243896484,
          "cosine_mean": 8.624320228894552e-05,
          "n": 480
        },
        "11": {
          "paired_l2_mean": 59.50250690778096,
          "paired_l2_median": 57.68345069885254,
          "cosine_mean": 9.254614512125651e-05,
          "n": 480
        },
        "12": {
          "paired_l2_mean": 30.81463147600492,
          "paired_l2_median": 24.540695190429688,
          "cosine_mean": 0.03452276922762394,
          "n": 480
        }
      },
      "csdi": {
        "0": {
          "paired_l2_mean": 9.078089623277386,
          "paired_l2_median": 6.222754240036011,
          "cosine_mean": 0.0012412128349145253,
          "n": 480
        },
        "1": {
          "paired_l2_mean": 6.231212643906474,
          "paired_l2_median": 4.396672487258911,
          "cosine_mean": 1.9333014885584514e-06,
          "n": 480
        },
        "2": {
          "paired_l2_mean": 6.5796796478331085,
          "paired_l2_median": 4.495445489883423,
          "cosine_mean": 2.263362209002177e-06,
          "n": 480
        },
        "3": {
          "paired_l2_mean": 9.476301059126854,
          "paired_l2_median": 5.345779657363892,
          "cosine_mean": 3.8638710975646974e-06,
          "n": 480
        },
        "4": {
          "paired_l2_mean": 11.237108279267947,
          "paired_l2_median": 5.967454671859741,
          "cosine_mean": 5.0927201906840004e-06,
          "n": 480
        },
        "5": {
          "paired_l2_mean": 11.898256940642993,
          "paired_l2_median": 6.441507339477539,
          "cosine_mean": 6.229802966117859e-06,
          "n": 480
        },
        "6": {
          "paired_l2_mean": 12.44104106326898,
          "paired_l2_median": 6.838529348373413,
          "cosine_mean": 7.205953200658162e-06,
          "n": 480
        },
        "7": {
          "paired_l2_mean": 12.621742844084899,
          "paired_l2_median": 7.094471454620361,
          "cosine_mean": 7.799640297889709e-06,
          "n": 480
        },
        "8": {
          "paired_l2_mean": 12.765501609444618,
          "paired_l2_median": 7.160078287124634,
          "cosine_mean": 8.263935645421347e-06,
          "n": 480
        },
        "9": {
          "paired_l2_mean": 13.39557120303313,
          "paired_l2_median": 7.377199411392212,
          "cosine_mean": 1.0008861621220906e-05,
          "n": 480
        },
        "10": {
          "paired_l2_mean": 13.124108105401199,
          "paired_l2_median": 7.503640651702881,
          "cosine_mean": 9.93261734644572e-06,
          "n": 480
        },
        "11": {
          "paired_l2_mean": 12.455270153780779,
          "paired_l2_median": 6.8514404296875,
          "cosine_mean": 1.0523075858751934e-05,
          "n": 480
        },
        "12": {
          "paired_l2_mean": 6.34950547243158,
          "paired_l2_median": 3.761676788330078,
          "cosine_mean": 0.002521562079588572,
          "n": 480
        }
      },
      "ratios": {
        "0": {
          "linear_over_csdi": 11.361598323982562,
          "linear_over_saits": 2.002368463023861,
          "saits_over_csdi": 5.6740797379642665
        },