{
  "bootstrap_s3_s0_ratio": {
    "mean": 0.5555032833925257,
    "median": 0.5340314136125653,
    "ci_95_low": 0.19775618856934837,
    "ci_95_high": 1.0362055311890834,
    "point_estimate": 0.5340314136125655
  },
  "prop3_predicted_ratio": 0.6545092548826926,
  "prop3_in_ci": true,
  "prop1_C1": {
    "C1_mean": 4.963817823603474,
    "C1_std": 4.216201082848024,
    "C1_median": 3.2158988836919677,
    "n_points": 10,
    "scenarios": [
      "S1",
      "S0"
    ]
  },
  "prop3_rate": {
    "theoretical_beta": -0.3722084367245657,
    "empirical_beta": -0.3337364937184366,
    "empirical_intercept": 1.9161755284245008,
    "r2": 0.1183786607880355,
    "ci_95_beta": [
      -0.7462548642502803,
      0.0031523878620992
    ],
    "bootstrap_std_beta": 0.1924841945655528,
    "matches_theoretical": true,
    "n_points": 25
  },
  "n_eff_ratios_by_scenario": {
    "S0": 1.0,
    "S1": 0.7920792079207921,
    "S2": 0.5504587155963302,
    "S3": 0.32,
    "S4": 0.1524390243902439,
    "S5": 0.04098360655737704,
    "S6": 0.015384615384615398
  }
}