{
  "ours_deepedm": {
    "S0": {
      "sparsity": 0.0,
      "noise_std_frac": 0.0,
      "keep_mean": 1.0,
      "vpt03_mean": 0.168,
      "vpt03_std": 0.0,
      "vpt05_mean": 0.31920000000000004,
      "vpt05_std": 0.033600000000000005,
      "vpt10_mean": 1.0752000000000002,
      "vpt10_std": 0.30703120362595065,
      "rmse_mean": 1.2610329698902283,
      "rmse_std": 0.09681262146719835
    },
    "S1": {
      "sparsity": 0.2,
      "noise_std_frac": 0.1,
      "keep_mean": 0.791796875,
      "vpt03_mean": 0.1008,
      "vpt03_std": 0.0336,
      "vpt05_mean": 0.2016,
      "vpt05_std": 0.04115142767875739,
      "vpt10_mean": 0.7056,
      "vpt10_std": 0.2164528586089821,
      "rmse_mean": 1.329355802111556,
      "rmse_std": 0.14953616234204084
    },
    "S2": {
      "sparsity": 0.4,
      "noise_std_frac": 0.3,
      "keep_mean": 0.596484375,
      "vpt03_mean": 0.0,
      "vpt03_std": 0.0,
      "vpt05_mean": 0.06720000000000001,
      "vpt05_std": 0.06285984409780222,
      "vpt10_mean": 0.45360000000000006,
      "vpt10_std": 0.15579679072432784,
      "rmse_mean": 1.3069639752034,
      "rmse_std": 0.13034164837544499
    },
    "S3": {
      "sparsity": 0.6,
      "noise_std_frac": 0.5,
      "keep_mean": 0.399609375,
      "vpt03_mean": 0.0,
      "vpt03_std": 0.0,
      "vpt05_mean": 0.0,
      "vpt05_std": 0.0,
      "vpt10_mean": 0.36960000000000004,
      "vpt10_std": 0.7392000000000001,
      "rmse_mean": 1.2443025802956278,
      "rmse_std": 0.03960608485885286
    },
    "S4": {
      "sparsity": 0.75,
      "noise_std_frac": 0.8,
      "keep_mean": 0.25703125,
      "vpt03_mean": 0.0,
      "vpt03_std": 0.0,
      "vpt05_mean": 0.0,
      "vpt05_std": 0.0,
      "vpt10_mean": 0.31920000000000004,
      "vpt10_std": 0.27808948200174705,
      "rmse_mean": 1.1940270881406827,
      "rmse_std": 0.044508882018751694
    },
    "S5": {
      "sparsity": 0.9,
      "noise_std_frac": 1.2,
      "keep_mean": 0.09765625,
      "vpt03_mean": 0.0,
      "vpt03_std": 0.0,
      "vpt05_mean": 0.0,
      "vpt05_std": 0.0,
      "vpt10_mean": 0.23520000000000002,
      "vpt10_std": 0.2929180090059333,
      "rmse_mean": 1.207785487416627,
      "rmse_std": 0.03514863027674706
    },
    "S6": {
      "sparsity": 0.95,
      "noise_std_frac": 1.5,
      "keep_mean": 0.053125,
      "vpt03_mean": 0.0,
      "vpt03_std": 0.0,
      "vpt05_mean": 0.0,
      "vpt05_std": 0.0,
      "vpt10_mean": 0.0,
      "vpt10_std": 0.0,
      "rmse_mean": 1.425053231896881,
      "rmse_std": 0.33874639578700017
    }
  },
  "ours_fno": {
    "S0": {
      "sparsity": 0.0,
      "noise_std_frac": 0.0,
      "keep_mean": 1.0,
      "vpt03_mean": 0.1008,
      "vpt03_std": 0.0336,
      "vpt05_mean": 0.18480000000000002,
      "vpt05_std": 0.0336,
      "vpt10_mean": 0.6384000000000001,
      "vpt10_std": 0.20299517235638884,
      "rmse_mean": 1.3490867586754403,
      "rmse_std": 0.01326356005151768
    },
    "S1": {
      "sparsity": 0.2,
      "noise_std_frac": 0.1,
      "keep_mean": 0.791796875,
      "vpt03_mean": 0.084,
      "vpt03_std": 0.0,
      "vpt05_mean": 0.1512,
      "vpt05_std": 0.06285984409780221,
      "vpt10_mean": 0.6552,
      "vpt10_std": 0.416287592897026,
      "rmse_mean": 1.3115829066291538,
      "rmse_std": 0.046022551075169144
    },
    "S2": {
      "sparsity": 0.4,
      "noise_std_frac": 0.3,
      "keep_mean": 0.596484375,
      "vpt03_mean": 0.0,
      "vpt03_std": 0.0,
      "vpt05_mean": 0.084,
      "vpt05_std": 0.0,
      "vpt10_mean": 0.756,
      "vpt10_std": 0.5095692298402642,
      "rmse_mean": 1.294090632977312,
      "rmse_std": 0.07820044414695533
    },
    "S3": {
      "sparsity": 0.6,
      "noise_std_frac": 0.5,
      "keep_mean": 0.399609375,
      "vpt03_mean": 0.0,
      "vpt03_std": 0.0,
      "vpt05_mean": 0.0,
      "vpt05_std": 0.0,
      "vpt10_mean": 0.168,
      "vpt10_std": 0.19154947141665518,
      "rmse_mean": 1.2712459347481955,
      "rmse_std": 0.13607367894179875
    },
    "S4": {
      "sparsity": 0.75,
      "noise_std_frac": 0.8,
      "keep_mean": 0.25703125,
      "vpt03_mean": 0.0,
      "vpt03_std": 0.0,
      "vpt05_mean": 0.0,
      "vpt05_std": 0.0,
      "vpt10_mean": 0.2016,
      "vpt10_std": 0.1139431437165045,
      "rmse_mean": 1.2424901658339302,
      "rmse_std": 0.034323879501621524
    },
    "S5": {
      "sparsity": 0.9,
      "noise_std_frac": 1.2,
      "keep_mean": 0.09765625,
      "vpt03_mean": 0.0,
      "vpt03_std": 0.0,
      "vpt05_mean": 0.0,
      "vpt05_std": 0.0,
      "vpt10_mean": 0.033600000000000005,
      "vpt10_std": 0.06720000000000001,
      "rmse_mean": 1.1841402334653566,
      "rmse_std": 0.042102601210207743
    },
    "S6": {
      "sparsity": 0.95,
      "noise_std_frac": 1.5,
      "keep_mean": 0.053125,
      "vpt03_mean": 0.0,
      "vpt03_std": 0.0,
      "vpt05_mean": 0.0,
      "vpt05_std": 0.0,
      "vpt10_mean": 0.0,
      "vpt10_std": 0.0,
      "rmse_mean": 176.33415222460297,
      "rmse_std": 347.7828593691495
    }
  },
  "parrot": {
    "S0": {
      "sparsity": 0.0,
      "noise_std_frac": 0.0,
      "keep_mean": 1.0,
      "vpt03_mean": 0.084,
      "vpt03_std": 0.0,
      "vpt05_mean": 0.2016,
      "vpt05_std": 0.04115142767875739,
      "vpt10_mean": 0.5208,
      "vpt10_std": 0.26242438911046356,
      "rmse_mean": 1.6076378471181374,
      "rmse_std": 0.16311920795805654
    },
    "S1": {
      "sparsity": 0.2,
      "noise_std_frac": 0.1,
      "keep_mean": 0.791796875,
      "vpt03_mean": 0.06720000000000001,
      "vpt03_std": 0.0336,
      "vpt05_mean": 0.168,
      "vpt05_std": 0.053126264690828776,
      "vpt10_mean": 0.48719999999999997,
      "vpt10_std": 0.13440000000000002,
      "rmse_mean": 1.6091983060004023,
      "rmse_std": 0.10705003164705003
    },
    "S2": {
      "sparsity": 0.4,
      "noise_std_frac": 0.3,
      "keep_mean": 0.596484375,
      "vpt03_mean": 0.0,
      "vpt03_std": 0.0,
      "vpt05_mean": 0.033600000000000005,
      "vpt05_std": 0.041151427678757395,
      "vpt10_mean": 0.4032,
      "vpt10_std": 0.19447405996687578,
      "rmse_mean": 1.5770403687190426,
      "rmse_std": 0.09974929998725186
    },
    "S3": {
      "sparsity": 0.6,
      "noise_std_frac": 0.5,
      "keep_mean": 0.399609375,
      "vpt03_mean": 0.0,
      "vpt03_std": 0.0,
      "vpt05_mean": 0.0,
      "vpt05_std": 0.0,
      "vpt10_mean": 0.06720000000000001,
      "vpt10_std": 0.09795999183340104,
      "rmse_mean": 1.719159525080866,
      "rmse_std": 0.13807158230172475
    },
    "S4": {
      "sparsity": 0.75,
      "noise_std_frac": 0.8,
      "keep_mean": 0.25703125,
      "vpt03_mean": 0.0,
      "vpt03_std": 0.0,
      "vpt05_mean": 0.0,
      "vpt05_std": 0.0,
      "vpt10_mean": 0.11760000000000001,
      "vpt10_std": 0.11394314371650449,
      "rmse_mean": 1.838227010741916,
      "rmse_std": 0.07214938537306807
    },
    "S5": {
      "sparsity": 0.9,
      "noise_std_frac": 1.2,
      "keep_mean": 0.09765625,
      "vpt03_mean": 0.0,
      "vpt03_std": 0.0,
      "vpt05_mean": 0.0,
      "vpt05_std": 0.0,
      "vpt10_mean": 0.0,
      "vpt10_std": 0.0,
      "rmse_mean": 2.2346980311851286,
      "rmse_std": 0.18667213913861358
    },
    "S6": {
      "sparsity": 0.95,
      "noise_std_frac": 1.5,
      "keep_mean": 0.053125,
      "vpt03_mean": 0.0,
      "vpt03_std": 0.0,
      "vpt05_mean": 0.0,
      "vpt05_std": 0.0,
      "vpt10_mean": 0.0,
      "vpt10_std": 0.0,
      "rmse_mean": 2.3470621238350957,
      "rmse_std": 0.23650016902335158
    }
  },
  "persist": {
    "S0": {
      "sparsity": 0.0,
      "noise_std_frac": 0.0,
      "keep_mean": 1.0,
      "vpt03_mean": 0.084,
      "vpt03_std": 0.0,
      "vpt05_mean": 0.15120000000000003,
      "vpt05_std": 0.033600000000000005,
      "vpt10_mean": 0.3864,
      "vpt10_std": 0.06719999999999998,
      "rmse_mean": 1.4163263130176014,
      "rmse_std": 0.047085981559454794
    },
    "S1": {
      "sparsity": 0.2,