{
  "s_values": [
    0.0,
    0.35,
    0.7
  ],
  "sigma_values": [
    0.0,
    0.5,
    1.53
  ],
  "methods": {
    "ours_csdi": {
      "mean": [
        [
          0.19841596484184265,
          0.48480541110038755,
          0.49638420939445493
        ],
        [
          0.19405660927295684,
          0.4299116492271423,
          0.4809884190559387
        ],
        [
          0.20190804004669188,
          0.3524542272090912,
          0.35009204745292666
        ]
      ],
      "std": [
        [
          0.05476616414717809,
          0.0168072978329123,
          0.009285660900597225
        ],
        [
          0.05601501216916498,
          0.006674720150346392,
          0.024917415809037814
        ],
        [
          0.04441624564757955,
          0.044489790811456924,
          0.03395258923169687
        ]
      ],
      "n": [
        [
          5,
          5,
          5
        ],
        [
          5,
          5,
          5
        ],
        [
          5,
          5,
          5
        ]
      ]
    },
    "panda": {
      "mean": [
        [
          0.4713910399597464,
          0.5450072667489735,
          0.6152681843991563
        ],
        [
          0.5012106135528729,
          0.5306232588228198,
          0.6836224843690595
        ],
        [
          0.5923863626055509,
          0.559980878195665,
          0.6749857980521442
        ]
      ],
      "std": [
        [
          0.28003586103084527,
          0.25848768637734487,
          0.2487360789772455
        ],
        [
          0.2923912713913384,
          0.2586176920105659,
          0.3158845822366095
        ],
        [
          0.378411742426062,
          0.34182989357886906,
          0.33752194178919154
        ]
      ],
      "n": [
        [
          5,
          5,
          5
        ],
        [
          5,
          5,
          5
        ],
        [
          5,
          5,
          5
        ]
      ]
    }
  },
  "ratio": [
    [
      2.375771729535434,
      1.1241773591428006,
      1.2394999130808964
    ],
    [
      2.582806199854179,
      1.2342611784926694,
      1.421286786303174
    ],
    [
      2.933941424366061,
      1.588804545287692,
      1.9280237953502863
    ]
  ],
  "powerlaw_fits": {
    "ours_csdi": {
      "alpha_primary": 0.11217355370517353,
      "alpha_secondary": -0.23599301712164963,
      "log_c": -0.7267208499218226,
      "ratio": 0.4753257324022868
    },
    "panda": {
      "alpha_primary": 0.013913504515035686,
      "alpha_secondary": 0.2588996279688694,
      "log_c": -0.6372247772068083,
      "ratio": 0.05374092123727838
    }
  }
}