{
    "overall": {
        "rmse": 13.884831661712179,
        "mae": 9.270530912283789
    },
    "horizon": 24
}