{
    "overall": {
        "rmse": 1.1404107971603208,
        "mae": 0.6088952243584892
    },
    "horizon": 20
}