{
  "overall": {
    "rmse": 64.0600634143049,
    "mae": 56.475124782986114
  },
  "horizon": 24
}