{
  "seed": 44,
  "timestamp": "20260417_124859",
  "trainlength": 60,
  "horizon": 40,
  "target_dim": 0,
  "dataset": "lorenz96",
  "rde_full40": {
    "rmse": 0.252697007340914,
    "mae": 0.19567912597892984
  },
  "rde_delay_full40": {
    "rmse": 0.23617011190272205,
    "mae": 0.18022207223368403
  },
  "rde_cmp20": {
    "rmse": 0.2810277535841696,
    "mae": 0.21857863962470753
  },
  "rde_delay_cmp20": {
    "rmse": 0.23224183749841415,
    "mae": 0.17830620738058492
  },
  "csdi_impute_rmse": 0.09704817653519694
}