{
  "overall": {
    "rmse": 5.591627555073574,
    "mae": 4.432016016509644
  },
  "horizon": 40
}