{
  "seed": 42,
  "timestamp": "20260420_030852",
  "trainlength": 60,
  "horizon": 40,
  "target_dim": 0,
  "dataset": "lorenz63",
  "rde_full40": {
    "rmse": 0.7091162632876823,
    "mae": 0.49799773491861055
  },
  "rde_delay_full40": {
    "rmse": 1.95729842808672,
    "mae": 1.698763703622813
  },
  "rde_cmp20": {
    "rmse": 0.7193351138517566,
    "mae": 0.5273435682377177
  },
  "rde_delay_cmp20": {
    "rmse": 1.8441105782393103,
    "mae": 1.5809036039962154
  },
  "csdi_impute_rmse": 0.1748664264844154
}