{
  "seed": 42,
  "timestamp": "20260417_121401",
  "trainlength": 60,
  "horizon": 40,
  "target_dim": 0,
  "dataset": "lorenz96",
  "rde_full40": {
    "rmse": 0.47762241256364124,
    "mae": 0.398717879642695
  },
  "rde_delay_full40": {
    "rmse": 0.4711187285145492,
    "mae": 0.3908671603699988
  },
  "rde_cmp20": {
    "rmse": 0.4673652721737598,
    "mae": 0.3873925022820698
  },
  "rde_delay_cmp20": {
    "rmse": 0.38455651245351213,
    "mae": 0.3224358535497598
  },
  "csdi_impute_rmse": 0.10523489991703906
}