{
    "overall": {
        "rmse": 3.53294029633342,
        "mae": 2.6309602742028293
    },
    "horizon": 20
}