{
  "overall": {
    "rmse": 63.068204798576645,
    "mae": 56.57703993055556
  },
  "horizon": 24
}