{
  "overall": {
    "rmse": 18.80088958430331,
    "mae": 15.204769396783744
  },
  "horizon": 40
}