{
  "seed": 46,
  "timestamp": "20260417_123006",
  "trainlength": 60,
  "horizon": 40,
  "target_dim": 0,
  "dataset": "lorenz63",
  "rde_full40": {
    "rmse": 0.5287693821527494,
    "mae": 0.3283626225957151
  },
  "rde_delay_full40": {
    "rmse": 1.8720216418633773,
    "mae": 1.3776307195193755
  },
  "rde_cmp20": {
    "rmse": 0.5238974944960301,
    "mae": 0.31746845579452837
  },
  "rde_delay_cmp20": {
    "rmse": 1.7515869515569222,
    "mae": 1.2875245120286405
  },
  "csdi_impute_rmse": 0.11817569119292222
}