{
    "overall": {
        "rmse": 17.20528034854183,
        "mae": 11.791545007934095
    },
    "horizon": 24
}