{
    "overall": {
        "rmse": 14.0667879168061,
        "mae": 9.485702639342321
    },
    "horizon": 24
}