{
    "overall": {
        "rmse": 5.96936484834554,
        "mae": 4.029014563018304
    },
    "horizon": 40
}