{
    "step": 0,
    "traindata_stats": {
        "name": "traindata",
        "shape": [
            400,
            36
        ],
        "nan_count": 0,
        "inf_count": 0,
        "min": 3.0,
        "max": 517.1016,
        "mean": 124.60458493758333,
        "std": 102.29013974805737
    },
    "baseline_prev_true_stats": {
        "name": "baseline_prev_true",
        "shape": [
            36
        ],
        "nan_count": 0,
        "inf_count": 0,
        "min": 95.0,
        "max": 249.0,
        "mean": 158.7578480555556,
        "std": 36.30095814934862
    },
    "targets": [
        {
            "target_idx": 0,
            "L": 11,
            "s_selected": 200,
            "ok_count": 200,
            "fail_exception_count": 0,
            "fail_degenerate_count": 0,
            "valid_pred_count": 200,
            "pred_min": 113.87972287524168,
            "pred_max": 212.51506720767372,
            "pred_mean": 166.0041117304694
        },
        {
            "target_idx": 1,
            "L": 11,
            "s_selected": 200,
            "ok_count": 200,
            "fail_exception_count": 0,
            "fail_degenerate_count": 0,
            "valid_pred_count": 200,
            "pred_min": 114.35629786483317,
            "pred_max": 194.7048750083042,
            "pred_mean": 160.32609599245626
        },
        {
            "target_idx": 2,
            "L": 11,
            "s_selected": 200,
            "ok_count": 200,
            "fail_exception_count": 0,
            "fail_degenerate_count": 0,
            "valid_pred_count": 200,
            "pred_min": 127.46751884673222,
            "pred_max": 177.52989230488146,
            "pred_mean": 152.30437795940765
        }
    ],
    "pred_row_stats": {
        "name": "pred_row",
        "shape": [
            36
        ],
        "nan_count": 0,
        "inf_count": 0,
        "min": 95.0,
        "max": 249.0,
        "mean": 159.38741817105992,
        "std": 36.20185630153656
    },
    "true_row_stats": {
        "name": "true_row",
        "shape": [
            36
        ],
        "nan_count": 5,
        "inf_count": 0,
        "min": 119.0,
        "max": 271.0,
        "mean": 160.4516129032258,
        "std": 30.589729153044292
    }
}