{
    "overall": {
        "rmse": 15.894118263202621,
        "mae": 11.854033282494608
    },
    "horizon": 24
}