{
  "overall": {
    "rmse": 105.21103380289328,
    "mae": 95.31860980143149
  },
  "horizon": 24
}