{
    "overall": {
        "rmse": 16.630251463268635,
        "mae": 12.187263284916037
    },
    "horizon": 40
}