{
    "overall": {
        "rmse": 15.063878543558165,
        "mae": 10.43950556888877
    },
    "horizon": 24
}