{
    "RDE-GPR": {
        "rmse": 7.52595108966046,
        "mae": 6.2309593501564295,
        "predictions": [
            [
                -27747.9269768283,
                -27412.92816486106,
                -15212.159336246325
            ],
            [
                -27738.31965909822,
                -27401.72230922017,
                -15201.981801670783
            ],
            [
                -27782.03804257849,
                -27447.66523879565,
                -15244.72308725646
            ],
            [
                -27897.59474840949,
                -27561.44849829636,
                -15367.84984943911
            ],
            [
                -27845.861380183047,
                -27509.17844281072,
                -15312.16866482661
            ],
            [
                -27758.66733664653,
                -27422.30134891625,
                -15225.489301622709
            ],
            [
                -27738.221956465877,
                -27402.2611070904,
                -15204.916961475106
            ],
            [
                -27764.586088594035,
                -27434.49683158833,
                -15231.914097893085
            ],
            [
                -27893.75443651037,
                -27556.667346131973,
                -15356.516962870091
            ],
            [
                -27854.571773912627,
                -27515.89731836464,
                -15317.201036718378
            ],
            [
                -27760.254417580963,
                -27422.694813785773,
                -15223.035783365827
            ],
            [
                -27731.44381274797,
                -27395.812983257198,
                -15195.986278910295
            ],
            [
                -27752.206070497243,
                -27417.64485432582,
                -15217.10920091061
            ],
            [
                -27882.284536939314,
                -27546.76506675652,
                -15346.110711589125
            ],
            [
                -27863.193336591678,
                -27530.746042719147,
                -15329.20268721564
            ],
            [
                -27772.598796686147,
                -27434.550138000955,
                -15233.191241601244
            ],
            [
                -27727.76597663792,
                -27392.66012085533,
                -15189.12632006708
            ],
            [
                -27739.209150546725,
                -27405.17649418147,
                -15201.345616984616
            ],
            [
                -27867.876095851632,
                -27534.54928979493,
                -15330.784787802946
            ],
            [
                -27873.235735925937,
                -27540.46362178517,
                -15337.044736079888
            ],
            [
                -27780.814675659072,
                -27444.656697073788,
                -15241.859716624582
            ],
            [
                -27727.2890248046,
                -27392.83271513086,
                -15190.284025769815
            ],
            [
                -27738.76802834302,
                -27405.086131877622,
                -15201.97315224832
            ],
            [
                -27857.604923316627,
                -27524.307366825837,
                -15319.37813950658
            ]
        ]
    },
    "GRU": {
        "rmse": 11.24977039593645,
        "mae": 9.302284505208238,
        "predictions": [
            [
                -27746.549,
                -27414.492,
                -15211.6875
            ],
            [
                -27726.098,
                -27389.732,
                -15191.992
            ],
            [
                -27772.324,
                -27440.264,
                -15234.0205
            ],
            [
                -27889.025,
                -27555.11,
                -15355.727
            ],
            [
                -27843.379,
                -27511.07,
                -15309.86
            ],
            [
                -27753.73,
                -27421.744,
                -15218.399
            ],
            [
                -27727.719,
                -27392.08,
                -15193.005
            ],
            [
                -27769.71,
                -27438.037,
                -15230.895
            ],
            [
                -27886.982,
                -27553.244,
                -15353.5205
            ],
            [
                -27844.316,
                -27511.9,
                -15310.756
            ],
            [
                -27752.746,
                -27420.572,
                -15217.9
            ],
            [
                -27724.021,
                -27387.455,
                -15190.554
            ],
            [
                -27759.232,
                -27426.205,
                -15220.904
            ],
            [
                -27880.994,
                -27546.492,
                -15349.094
            ],
            [
                -27864.809,
                -27533.676,
                -15330.296
            ],
            [
                -27768.871,
                -27434.943,
                -15232.881
            ],
            [
                -27726.188,
                -27391.236,
                -15192.341
            ],
            [
                -27748.451,
                -27414.904,
                -15209.908
            ],
            [
                -27860.883,
                -27527.201,
                -15327.51
            ],
            [
                -27871.125,
                -27539.695,
                -15335.021
            ],
            [
                -27774.459,
                -27440.318,
                -15238.117
            ],
            [
                -27726.768,
                -27391.96,
                -15192.666
            ],
            [
                -27744.186,
                -27409.1,
                -15205.606
            ],
            [
                -27849.451,
                -27515.54,
                -15315.728
            ]
        ]
    },
    "LSTM": {
        "rmse": 11.209287279195498,
        "mae": 9.39750390625002,