dim,rmse,mae
0,7.917956889294542,6.5416632379575885
1,7.245742036648284,5.941759474287058
2,7.397634787518642,6.2094553382248705
