{
  "seed": 43,
  "timestamp": "20260417_121400",
  "trainlength": 60,
  "horizon": 40,
  "target_dim": 0,
  "dataset": "lorenz63",
  "rde_full40": {
    "rmse": 0.7524189568454182,
    "mae": 0.4866070291673138
  },
  "rde_delay_full40": {
    "rmse": 1.714641360653487,
    "mae": 1.2902819957589
  },
  "rde_cmp20": {
    "rmse": 0.6579044230758149,
    "mae": 0.4126531801042611
  },
  "rde_delay_cmp20": {
    "rmse": 1.50005207784511,
    "mae": 1.1154340324275456
  },
  "csdi_impute_rmse": 0.12573209069765956
}