{
    "overall": {
        "rmse": 14.026309842726503,
        "mae": 9.443522707100078
    },
    "horizon": 24
}