{
    "overall": {
        "rmse": 13.899540044981089,
        "mae": 9.286062376772172
    },
    "horizon": 24
}