{
    "step": 0,
    "traindata_stats": {
        "name": "traindata",
        "shape": [
            600,
            36
        ],
        "nan_count": 0,
        "inf_count": 0,
        "min": 2.8443832,
        "max": 517.1016,
        "mean": 135.3683490674537,
        "std": 117.42006955130302
    },
    "baseline_prev_true_stats": {
        "name": "baseline_prev_true",
        "shape": [
            36
        ],
        "nan_count": 0,
        "inf_count": 0,
        "min": 95.0,
        "max": 249.0,
        "mean": 158.7578480555556,
        "std": 36.30095814934862
    },
    "targets": [
        {
            "target_idx": 0,
            "L": 6,
            "s_selected": 200,
            "ok_count": 200,
            "fail_exception_count": 0,
            "fail_degenerate_count": 0,
            "valid_pred_count": 200,
            "pred_min": 112.49746653850096,
            "pred_max": 238.61644989056262,
            "pred_mean": 160.65817650400098
        },
        {
            "target_idx": 1,
            "L": 6,
            "s_selected": 200,
            "ok_count": 200,
            "fail_exception_count": 0,
            "fail_degenerate_count": 0,
            "valid_pred_count": 200,
            "pred_min": 86.28374801774933,
            "pred_max": 327.85483251873245,
            "pred_mean": 162.34664769076412
        },
        {
            "target_idx": 2,
            "L": 6,
            "s_selected": 200,
            "ok_count": 200,
            "fail_exception_count": 0,
            "fail_degenerate_count": 0,
            "valid_pred_count": 200,
            "pred_min": 94.08772763079998,
            "pred_max": 183.2127896331776,
            "pred_mean": 146.46837401681046
        }
    ],
    "pred_row_stats": {
        "name": "pred_row",
        "shape": [
            36
        ],
        "nan_count": 0,
        "inf_count": 0,
        "min": 95.0,
        "max": 249.0,
        "mean": 159.13038935784655,
        "std": 36.231779303483314
    },
    "true_row_stats": {
        "name": "true_row",
        "shape": [
            36
        ],
        "nan_count": 5,
        "inf_count": 0,
        "min": 119.0,
        "max": 271.0,
        "mean": 160.4516129032258,
        "std": 30.589729153044292
    }
}