{
    "step": 1,
    "traindata_stats": {
        "name": "traindata",
        "shape": [
            600,
            36
        ],
        "nan_count": 5,
        "inf_count": 0,
        "min": 2.8443832,
        "max": 517.1016,
        "mean": 135.61201076934475,
        "std": 117.33256382603516
    },
    "baseline_prev_true_stats": {
        "name": "baseline_prev_true",
        "shape": [
            36
        ],
        "nan_count": 5,
        "inf_count": 0,
        "min": 119.0,
        "max": 271.0,
        "mean": 160.4516129032258,
        "std": 30.589729153044292
    },
    "targets": [
        {
            "target_idx": 0,
            "L": 6,
            "s_selected": 200,
            "ok_count": 84,
            "fail_exception_count": 0,
            "fail_degenerate_count": 116,
            "valid_pred_count": 84,
            "pred_min": 130.4896184118312,
            "pred_max": 226.5022248127923,
            "pred_mean": 158.96938959816634
        },
        {
            "target_idx": 1,
            "L": 6,
            "s_selected": 200,
            "ok_count": 0,
            "fail_exception_count": 0,
            "fail_degenerate_count": 200,
            "valid_pred_count": 0,
            "pred_min": null,
            "pred_max": null,
            "pred_mean": null
        },
        {
            "target_idx": 2,
            "L": 6,
            "s_selected": 200,
            "ok_count": 68,
            "fail_exception_count": 0,
            "fail_degenerate_count": 132,
            "valid_pred_count": 68,
            "pred_min": 87.55790555703821,
            "pred_max": 171.06631454531095,
            "pred_mean": 149.3287373664872
        }
    ],
    "pred_row_stats": {
        "name": "pred_row",
        "shape": [
            36
        ],
        "nan_count": 5,
        "inf_count": 0,
        "min": 119.0,
        "max": 271.0,
        "mean": 160.37818511868286,
        "std": 30.467239778015355
    },
    "true_row_stats": {
        "name": "true_row",
        "shape": [
            36
        ],
        "nan_count": 4,
        "inf_count": 0,
        "min": 122.0,
        "max": 288.0,
        "mean": 165.40625,
        "std": 32.7183619843277
    }
}