{
  "iid_s0.6": {
    "n": 15,
    "rmse_lin": 2.7728454051907163,
    "rmse_lin_std": 1.4115429736553975,
    "rmse_kal": 3.222755957351093,
    "rmse_kal_std": 1.5427089000859135,
    "rmse_dyn": 14.442532913084973,
    "rmse_dyn_std": 0.9101487548383651,
    "dyn_unc": 4.381782817840576
  },
  "burst_s0.6_b8": {
    "n": 15,
    "rmse_lin": 4.245376242240348,
    "rmse_lin_std": 2.374088195621627,
    "rmse_kal": 3.970803296205649,
    "rmse_kal_std": 2.4489836651397723,
    "rmse_dyn": 12.661412628011893,
    "rmse_dyn_std": 2.7650796410178096,
    "dyn_unc": 4.173058430353801
  },
  "burst_s0.6_b16": {
    "n": 15,
    "rmse_lin": 7.527148274138247,
    "rmse_lin_std": 3.4890943899984617,
    "rmse_kal": 7.395955080179893,
    "rmse_kal_std": 3.8945002506155584,
    "rmse_dyn": 12.09178642487653,
    "rmse_dyn_std": 2.8829569954500793,
    "dyn_unc": 4.123864046732584
  },
  "hold_16": {
    "n": 15,
    "rmse_lin": 4.452935919079049,
    "rmse_lin_std": 1.701141198758992,
    "rmse_kal": 3.182293491226637,
    "rmse_kal_std": 1.6871952319912065,
    "rmse_dyn": 9.077892385041704,
    "rmse_dyn_std": 2.9797006254845297,
    "dyn_unc": 4.4137190818786625
  },
  "hold_24": {
    "n": 15,
    "rmse_lin": 7.536120383691622,
    "rmse_lin_std": 2.0781495663704366,
    "rmse_kal": 6.564823068212144,
    "rmse_kal_std": 2.364536958301026,
    "rmse_dyn": 11.856004976529272,
    "rmse_dyn_std": 2.5309481445349484,
    "dyn_unc": 4.240681060155233
  },
  "hold_32": {
    "n": 15,
    "rmse_lin": 9.195073097493944,
    "rmse_lin_std": 1.8752010566928154,
    "rmse_kal": 7.902428323575782,
    "rmse_kal_std": 1.455290966812734,
    "rmse_dyn": 13.416533726817397,
    "rmse_dyn_std": 0.9253687890661686,
    "dyn_unc": 4.208896986643473
  }
}