{
  "iid_s0.6": {
    "n": 15,
    "rmse_lin": 2.7728454051907163,
    "rmse_lin_std": 1.4115429736553975,
    "rmse_kal": 3.222755957351093,
    "rmse_kal_std": 1.5427089000859135,
    "rmse_dyn": 15.283575898834151,
    "rmse_dyn_std": 1.0799826913777657,
    "dyn_unc": 4.019335762659709
  },
  "burst_s0.6_b8": {
    "n": 15,
    "rmse_lin": 4.245376242240348,
    "rmse_lin_std": 2.374088195621627,
    "rmse_kal": 3.970803296205649,
    "rmse_kal_std": 2.4489836651397723,
    "rmse_dyn": 12.852007340288376,
    "rmse_dyn_std": 2.764984969037092,
    "dyn_unc": 3.970270045598348
  },
  "burst_s0.6_b16": {
    "n": 15,
    "rmse_lin": 7.527148274138247,
    "rmse_lin_std": 3.4890943899984617,
    "rmse_kal": 7.395955080179893,
    "rmse_kal_std": 3.8945002506155584,
    "rmse_dyn": 12.069111404121012,
    "rmse_dyn_std": 2.9521665509942374,
    "dyn_unc": 4.032969776789347
  },
  "hold_16": {
    "n": 15,
    "rmse_lin": 4.452935919079049,
    "rmse_lin_std": 1.701141198758992,
    "rmse_kal": 3.182293491226637,
    "rmse_kal_std": 1.6871952319912065,
    "rmse_dyn": 9.215910990956734,
    "rmse_dyn_std": 3.2189324917997397,
    "dyn_unc": 4.075008408228556
  },
  "hold_24": {
    "n": 15,
    "rmse_lin": 7.536120383691622,
    "rmse_lin_std": 2.0781495663704366,
    "rmse_kal": 6.564823068212144,
    "rmse_kal_std": 2.364536958301026,
    "rmse_dyn": 11.998840016924346,
    "rmse_dyn_std": 2.8259526463292275,
    "dyn_unc": 3.7979466279347736
  },
  "hold_32": {
    "n": 15,
    "rmse_lin": 9.195073097493944,
    "rmse_lin_std": 1.8752010566928154,
    "rmse_kal": 7.902428323575782,
    "rmse_kal_std": 1.455290966812734,
    "rmse_dyn": 13.884670276634251,
    "rmse_dyn_std": 0.9420404957242567,
    "dyn_unc": 3.8500359217325846
  }
}