{
  "ckpt": "experiments/week2_modules/ckpts/dyn_csdi_full_v6_center_ep20.pt",
  "delay_alpha": 2.519028663635254,
  "bias_stats": {
    "abs_mean": 0.32854074239730835,
    "max": 1.03367018699646,
    "min": -1.0538971424102783
  },
  "effective_tau_peaks": [
    1,
    2,
    3,
    4
  ],
  "antidiagonal_profile": {
    "-30": 0.012018274515867233,
    "-29": 0.014924654737114906,
    "-28": 0.012502864934504032,
    "-27": 0.006377602461725473,
    "-26": -0.003221566090360284,
    "-25": -0.017921490594744682,
    "-24": -0.035754427313804626,
    "-23": -0.056575957685709,
    "-22": -0.08020352572202682,
    "-21": -0.10422629863023758,
    "-20": -0.12746162712574005,
    "-19": -0.14591346681118011,
    "-18": -0.15778382122516632,
    "-17": -0.15936820209026337,
    "-16": -0.14974142611026764,
    "-15": -0.12622511386871338,
    "-14": -0.08887892216444016,
    "-13": -0.038430552929639816,
    "-12": 0.024571893736720085,
    "-11": 0.09599181264638901,
    "-10": 0.17363755404949188,
    "-9": 0.2548312842845917,
    "-8": 0.33643409609794617,
    "-7": 0.4162331819534302,
    "-6": 0.49092814326286316,
    "-5": 0.5586996078491211,
    "-4": 0.6175423264503479,
    "-3": 0.6661388278007507,
    "-2": 0.7028943300247192,
    "-1": 0.7280163168907166,
    "0": 0.09570467472076416,
    "1": 0.7436118125915527,
    "2": 0.7333499193191528,
    "3": 0.7098033428192139,
    "4": 0.6722752451896667,
    "5": 0.6199871897697449,
    "6": 0.5524947643280029,
    "7": 0.47000327706336975,
    "8": 0.37297573685646057,
    "9": 0.262358158826828,
    "10": 0.1388159543275833,
    "11": 0.004244903568178415,
    "12": -0.1424662172794342,
    "13": -0.30000337958335876,
    "14": -0.4677785038948059,
    "15": -0.6323267817497253,
    "16": -0.7649612426757812,
    "17": -0.8314701318740845,
    "18": -0.8176804184913635,
    "19": -0.735497772693634,
    "20": -0.6206875443458557,
    "21": -0.49852606654167175,
    "22": -0.3841094970703125,
    "23": -0.28179487586021423,
    "24": -0.19245968759059906,
    "25": -0.11580020189285278,
    "26": -0.05285799130797386,
    "27": -0.001993354642763734,
    "28": 0.03584567457437515,
    "29": 0.06101703643798828,
    "30": 0.0729827955365181
  },
  "m2_tau_B_samples": [
    [
      4,
      3,
      2,
      1
    ],
    [
      4,
      3,
      2,
      1
    ],
    [
      4,
      3,
      2,
      1
    ]
  ],
  "m2_tau_B_counter": {
    "4": 3,
    "3": 3,
    "2": 3,
    "1": 3
  },
  "overlap": [
    1,
    2,
    3,
    4
  ]
}