{
  "svgp_scaling": {
    "10": [
      {
        "seed": 0,
        "N": 10,
        "L": 5,
        "n_train": 1393,
        "n_test": 597,
        "train_time_s": 26.464420557022095,
        "nrmse": 0.8025503158569336,
        "attractor_std": 3.5848525981848565
      },
      {
        "seed": 1,
        "N": 10,
        "L": 5,
        "n_train": 1392,
        "n_test": 597,
        "train_time_s": 24.684988737106323,
        "nrmse": 0.8919578790664673,
        "attractor_std": 3.608497543446
      }
    ],
    "20": [
      {
        "seed": 0,
        "N": 20,
        "L": 5,
        "n_train": 1393,
        "n_test": 597,
        "train_time_s": 38.4318528175354,
        "nrmse": 0.9299943447113037,
        "attractor_std": 3.6593611820050547
      },
      {
        "seed": 1,
        "N": 20,
        "L": 5,
        "n_train": 1392,
        "n_test": 597,
        "train_time_s": 46.285268783569336,
        "nrmse": 0.9023312926292419,
        "attractor_std": 3.6489583318835455
      }
    ],
    "40": [
      {
        "seed": 0,
        "N": 40,
        "L": 5,
        "n_train": 1393,
        "n_test": 597,
        "train_time_s": 94.1539671421051,
        "nrmse": 0.9879414439201355,
        "attractor_std": 3.6476433249871736
      },
      {
        "seed": 1,
        "N": 40,
        "L": 5,
        "n_train": 1392,
        "n_test": 597,
        "train_time_s": 89.95733642578125,
        "nrmse": 1.0145083665847778,
        "attractor_std": 3.6472504393122898
      }
    ]
  },
  "tau_search": {
    "L_embed": 7,
    "tau_max": 12,
    "per_seed": [
      {
        "seed": 0,
        "N": 40,
        "specs": {
          "random": {
            "taus": [
              11,
              8,
              7,
              4,
              4,
              1
            ],
            "search_sec": 0.00016927719116210938,
            "nrmse": 0.9950271844863892,
            "singular_values": null
          },
          "fraser_swinney": {
            "taus": [
              12,
              12,
              12,
              12,
              12,
              7
            ],
            "search_sec": 0.897536039352417,
            "nrmse": 0.9959194660186768,
            "singular_values": null
          },
          "mi_lyap_bo": {
            "taus": [
              6,
              5,
              4,
              3,
              2,
              1
            ],
            "search_sec": 2.434535264968872,
            "nrmse": 0.9910690188407898,
            "singular_values": null
          },
          "mi_lyap_cmaes": {
            "taus": [
              6,
              5,
              5,
              5,
              5,
              5
            ],
            "search_sec": 1.5104434490203857,
            "nrmse": 0.9911525249481201,
            "singular_values": [
              8.98717898358251,
              2.2976597907652985,
              3.6961018729302264e-16,
              2.5465671978609413e-16,
              1.0464905384361661e-16,
              1.705981998126467e-17
            ]
          }
        }
      },
      {
        "seed": 1,
        "N": 40,
        "specs": {
          "random": {
            "taus": [
              12,
              10,
              7,
              6,
              2,
              1
            ],
            "search_sec": 0.0003116130828857422,
            "nrmse": 0.9942845106124878,
            "singular_values": null
          },
          "fraser_swinney": {
            "taus": [
              12,
              12,
              12,
              12,
              12,
              9
            ],
            "search_sec": 0.13054966926574707,
            "nrmse": 0.9989120364189148,
            "singular_values": null
          },
          "mi_lyap_bo": {
            "taus": [
              6,
              5,
              4,
              3,
              2,
              1
            ],
            "search_sec": 2.4597558975219727,
            "nrmse": 0.9890270233154297,
            "singular_values": null
          },
          "mi_lyap_cmaes": {
            "taus": [
              6,
              6,
              6,
              6,
              6,
              6
            ],
            "search_sec": 1.1744604110717773,
            "nrmse": 0.9911718368530273,
            "singular_values": [
              4.326614180801687,
              0.8382842850561993,
              2.112717086267456e-16,
              1.4459561231907246e-16,
              7.443873671596088e-17,
              2.0372717644416768e-17
            ]
          }
        }
      }
    ]
  }
}