{
  "scenario": {
    "name": "S3",
    "sparsity": 0.6,
    "noise": 0.5
  },
  "horizons": [
    1,
    2,
    4,
    8,
    16,
    24,
    32,
    48
  ],
  "picp": {
    "lyap": {
      "1": [
        0.9493635838173654,
        0.007717194145539606
      ],
      "2": [
        0.9432696747989985,
        0.007349442991737086
      ],
      "4": [
        0.9023635571531429,
        0.017067224935141484
      ],
      "8": [
        0.8300821227086819,
        0.004101936104280205
      ],
      "16": [
        0.7943182084777937,
        0.017163258846647548
      ],
      "24": [
        0.8454499083584052,
        0.018895042371249317
      ],
      "32": [
        0.9057781706400642,
        0.008796441997112216
      ],
      "48": [
        0.9858793128779828,
        0.005932755710780111
      ]
    },
    "split": {
      "1": [
        0.9888783796346822,
        0.005701320436672599
      ],
      "2": [
        0.9883563837976447,
        0.004059095453315484
      ],
      "4": [
        0.9764331732892401,
        0.008149190949394812
      ],
      "8": [
        0.9235970280907919,
        0.010106381440904842
      ],
      "16": [
        0.8429368209854821,
        0.006729674772539658
      ],
      "24": [
        0.8187346721812054,
        0.015032819050183693
      ],
      "32": [
        0.7980580553069215,
        0.015472728528001767
      ],
      "48": [
        0.8217036202554157,
        0.006777116664884052
      ]
    }
  },
  "mpiw": {
    "lyap": {
      "1": [
        12.507921315824056,
        0.24981109014396846
      ],
      "2": [
        12.71040736906906,
        0.25166785591623086
      ],
      "4": [
        13.251398440655827,
        0.26379798549405303
      ],
      "8": [
        14.523542761038096,
        0.3048392528704461
      ],
      "16": [
        17.384581879327943,
        0.35851712425467935
      ],
      "24": [
        20.868838584889218,
        0.45807032903982886
      ],
      "32": [
        25.067328777389516,
        0.5687378027888671
      ],
      "48": [
        36.326783001702545,
        0.7303195389433478
      ]
    },
    "split": {
      "1": [
        19.611209233601887,
        0.6996957285869295
      ],
      "2": [
        19.48213259379069,
        0.6861882748861081
      ],
      "4": [
        19.411781946818035,
        0.6851217250649129
      ],
      "8": [
        19.432758967081707,
        0.7041274853489181
      ],
      "16": [
        19.405601501464844,
        0.6929996878688313
      ],
      "24": [
        19.434959411621094,
        0.729276256838246
      ],
      "32": [
        19.47591209411621,
        0.7370935835686885
      ],
      "48": [
        19.64354642232259,
        0.7047317108161084
      ]
    }
  },
  "q_records": [
    {
      "seed": 0,
      "q_lyap": 0.788881551378957,
      "q_split": 1.2384817600250244,
      "lam_hat": 0.906
    },
    {
      "seed": 1,
      "q_lyap": 0.8073770263004706,
      "q_split": 1.2894200086593628,
      "lam_hat": 0.906
    },
    {
      "seed": 2,
      "q_lyap": 0.7874026199370338,
      "q_split": 1.2938729524612427,
      "lam_hat": 0.906
    }
  ]
}