{
  "scenario": {
    "name": "S3",
    "sparsity": 0.6,
    "noise": 0.5
  },
  "horizons": [
    1,
    2,
    4,
    8,
    16,
    24,
    32,
    48
  ],
  "growth_modes": [
    "exp",
    "saturating",
    "clipped",
    "empirical"
  ],
  "picp": {
    "split": {
      "1": [
        0.9870089449921382,
        0.003210293897482209
      ],
      "2": [
        0.9875746562385155,
        0.0027845951118950756
      ],
      "4": [
        0.9802022913861786,
        0.005987850957911863
      ],
      "8": [
        0.9379394477156766,
        0.0055966893308714676
      ],
      "16": [
        0.8595454938522833,
        0.005007794920051016
      ],
      "24": [
        0.8245325048690724,
        0.011835088563541278
      ],
      "32": [
        0.7999442688531598,
        0.0007854706968401619
      ],
      "48": [
        0.8174505794573772,
        0.007879361040419036
      ]
    },
    "lyap_exp": {
      "1": [
        0.9085664568857846,
        0.0030370852529006177
      ],
      "2": [
        0.9268787701831075,
        0.006334305868401492
      ],
      "4": [
        0.9079916008522527,
        0.013884421295562055
      ],
      "8": [
        0.8516872301905317,
        0.005501300940746209
      ],
      "16": [
        0.8183074622278119,
        0.012516452882888501
      ],
      "24": [
        0.8621870665028134,
        0.005565075916184741
      ],
      "32": [
        0.930883721429276,
        0.004473226486139482
      ],
      "48": [
        0.9952281546562616,
        0.0028430398276955847
      ]
    },
    "lyap_saturating": {
      "1": [
        0.9138830616421653,
        0.004209960563184038
      ],
      "2": [
        0.9304237138541599,
        0.007083914752260702
      ],
      "4": [
        0.9147612626079958,
        0.010465455552829519
      ],
      "8": [
        0.8585641709449486,
        0.005312342104553207
      ],
      "16": [
        0.8205549769775834,
        0.012805788398914006
      ],
      "24": [
        0.8559041091299698,
        0.004519004440059914
      ],
      "32": [
        0.9158296471543688,
        0.004309493445803629
      ],
      "48": [
        0.9834271060368298,
        0.003405738907936535
      ]
    },
    "lyap_clipped": {
      "1": [
        0.9085664568857846,
        0.0030370852529006177
      ],
      "2": [
        0.9268787701831075,
        0.006334305868401492
      ],
      "4": [
        0.9079916008522527,
        0.013884421295562055
      ],
      "8": [
        0.8516872301905317,
        0.005501300940746209
      ],
      "16": [
        0.8183074622278119,
        0.012516452882888501
      ],
      "24": [
        0.8621870665028134,
        0.005565075916184741
      ],
      "32": [
        0.930883721429276,
        0.004473226486139482
      ],
      "48": [
        0.9952281546562616,
        0.0028430398276955847
      ]
    },
    "lyap_empirical": {
      "1": [
        0.8592745178879633,
        0.012799358212468153
      ],
      "2": [
        0.8665849365973223,
        0.026589953334100924
      ],
      "4": [
        0.8728837070903551,
        0.024766988698364027
      ],
      "8": [
        0.8965996131256587,
        0.0047867268179544835
      ],
      "16": [
        0.9506838071949258,
        0.004596837834118867
      ],
      "24": [
        0.904611768342312,
        0.01821710543901296
      ],
      "32": [
        0.9344735831062613,
        0.011003671290948137
      ],
      "48": [
        0.9085433845445667,
        0.007897582221738367
      ]
    }
  },
  "mpiw": {
    "split": {
      "1": [
        19.388824462890625,
        0.5448186757636991
      ],
      "2": [
        19.29158655802409,
        0.5287265133670525
      ],
      "4": [
        19.2440611521403,
        0.5477685812649709
      ],
      "8": [
        19.24640146891276,
        0.550647389188057
      ],
      "16": [
        19.231728235880535,
        0.5375840364710323
      ],
      "24": [
        19.238182067871094,
        0.5501400399904885
      ],
      "32": [
        19.261187235514324,
        0.5604109305606109
      ],
      "48": [
        19.398059209187824,
        0.5376772047776557
      ]
    },
    "lyap_exp": {
      "1": [
        11.855597585220716,
        0.17654864202556897
      ],
      "2": [
        12.107461715248432,
        0.17025967484812046
      ],
      "4": [
        12.722861212443442,
        0.17117479240166944
      ],
      "8": [
        14.121137677249871,
        0.17573043788669132
      ],
      "16": [
        17.37992408357835,
        0.2775022148673521
      ],
      "24": [
        21.415896659208016,
        0.5165564737425669
      ],
      "32": [
        26.413856217945376,
        0.8579467901712662
      ],
      "48": [
        40.382479396846286,
        2.0142372057901756
      ]
    },
    "lyap_saturating": {
      "1": [
        12.129833803378434,
        0.16415763638544473
      ],
      "2": [
        12.385024482400183,
        0.15715063144957137
      ],
      "4": [
        13.004015222774242,
        0.1542088747736366
      ],
      "8": [
        14.387087634384777,
        0.152473907021492
      ],
      "16": [
        17.48439429043542,
        0.23569667238689723
      ],
      "24": [
        21.095985441325535,
        0.42304289532437467
      ],
      "32": [
        25.2593487866048,
        0.6556453497065892
      ],
      "48": [
        35.40649687519538,
        1.2444656792082147
      ]
    },
    "lyap_clipped": {
      "1": [
        11.855597585220716,
        0.17654864202556897
      ],
      "2": [
        12.107461715248432,
        0.17025967484812046
      ],
      "4": [
        12.722861212443442,
        0.17117479240166944
      ],
      "8": [
        14.121137677249871,
        0.17573043788669132
      ],
      "16": [
        17.37992408357835,
        0.2775022148673521
      ],
      "24": [
        21.415896659208016,
        0.5165564737425669
      ],
      "32": [
        26.413856217945376,
        0.8579467901712662
      ],
      "48": [
        40.382479396846286,
        2.0142372057901756
      ]
    },
    "lyap_empirical": {
      "1": [
        9.901141673689091,
        0.446429620482948
      ],
      "2": [
        9.63960591604342,
        0.37202896264926655
      ],
      "4": [
        11.100917683244942,
        0.5075496521780215
      ],
      "8": [
        16.384694961920136,
        0.40220746572200045
      ],
      "16": [
        25.870084720295498,
        0.5841602387799412
      ],
      "24": [
        24.003299599223297,
        1.2495320950253672
      ],
      "32": [
        26.863146419772438,
        1.4181199626974141
      ],
      "48": [
        24.754297073969582,
        1.2309496304659613
      ]
    }
  },
  "q_records": [
    {
      "seed": 0,
      "q_split": 1.2369873523712158,
      "lam_hat": 0.9909506140479318,
      "q_lyap_exp": 0.7655239027657058,
      "q_lyap_saturating": 0.7848176690558979,
      "q_lyap_clipped": 0.7655239027657058,
      "q_lyap_empirical": 2.7805053343244714
    },
    {
      "seed": 1,
      "q_split": 1.281663179397583,
      "lam_hat": 1.0288367018306106,
      "q_lyap_exp": 0.7632359026690553,
      "q_lyap_saturating": 0.7790858888125844,
      "q_lyap_clipped": 0.7632359026690553,
      "q_lyap_empirical": 2.86717971225369
    },
    {
      "seed": 2,
      "q_split": 1.2637730836868286,
      "lam_hat": 1.1052449506265247,
      "q_lyap_exp": 0.7256956114166093,
      "q_lyap_saturating": 0.7428913982265459,
      "q_lyap_clipped": 0.7256956114166093,
      "q_lyap_empirical": 2.7772557224194485
    }
  ],
  "m1_kind": "csdi"
}