{
  "scenario": {
    "name": "S2",
    "sparsity": 0.4,
    "noise": 0.3
  },
  "horizons": [
    1,
    2,
    4,
    8,
    16,
    24,
    32,
    48
  ],
  "growth_modes": [
    "exp",
    "saturating",
    "clipped",
    "empirical"
  ],
  "picp": {
    "split": {
      "1": [
        0.9954960098517521,
        0.0026334635153874575
      ],
      "2": [
        0.996117763785846,
        0.0015269909233000195
      ],
      "4": [
        0.9861915589277633,
        0.007603324554350364
      ],
      "8": [
        0.9468117071881131,
        0.009664551251062607
      ],
      "16": [
        0.853608524510569,
        0.00669946913669478
      ],
      "24": [
        0.821122285669849,
        0.019371353496260135
      ],
      "32": [
        0.7850362735966693,
        0.004927785713254724
      ],
      "48": [
        0.8125405757560283,
        0.013614450987651468
      ]
    },
    "lyap_exp": {
      "1": [
        0.9326774480836105,
        0.003693796844964342
      ],
      "2": [
        0.9355852129627514,
        0.006626832309989239
      ],
      "4": [
        0.9237566756151986,
        0.011993901367531267
      ],
      "8": [
        0.8542478335196036,
        0.00889504601800376
      ],
      "16": [
        0.7895901610917478,
        0.01946970238420069
      ],
      "24": [
        0.844874404696952,
        0.015118062698320073
      ],
      "32": [
        0.9189408740883249,
        0.009548759157964265
      ],
      "48": [
        0.9941274624043909,
        0.0017064154363026567
      ]
    },
    "lyap_saturating": {
      "1": [
        0.9382707628505947,
        0.003772161704868438
      ],
      "2": [
        0.9418373814482361,
        0.0054210854624770575
      ],
      "4": [
        0.9293986002353449,
        0.01124418676873643
      ],
      "8": [
        0.8642788469561582,
        0.009582565305559048
      ],
      "16": [
        0.7981786864115324,
        0.017001914590466842
      ],
      "24": [
        0.841151179335676,
        0.017522746306364825
      ],
      "32": [
        0.9048497905628592,
        0.005684630206254431
      ],
      "48": [
        0.9741011884563772,
        0.0038183729660811413
      ]
    },
    "lyap_clipped": {
      "1": [
        0.9326774480836105,
        0.003693796844964342
      ],
      "2": [
        0.9355852129627514,
        0.006626832309989239
      ],
      "4": [
        0.9237566756151986,
        0.011993901367531267
      ],
      "8": [
        0.8542478335196036,
        0.00889504601800376
      ],
      "16": [
        0.7895901610917478,
        0.01946970238420069
      ],
      "24": [
        0.844874404696952,
        0.015118062698320073
      ],
      "32": [
        0.9189408740883249,
        0.009548759157964265
      ],
      "48": [
        0.9941274624043909,
        0.0017064154363026567
      ]
    },
    "lyap_empirical": {
      "1": [
        0.885609462640275,
        0.013190272238409474
      ],
      "2": [
        0.8632188004322083,
        0.006026553067446054
      ],
      "4": [
        0.8692773449282374,
        0.01150566718205505
      ],
      "8": [
        0.9109400851909039,
        0.003801338894621566
      ],
      "16": [
        0.9242378921084118,
        0.011742700661520722
      ],
      "24": [
        0.9019595300539457,
        0.013035314043043781
      ],
      "32": [
        0.9341380503768851,
        0.00579279142072892
      ],
      "48": [
        0.8904064353898505,
        0.002157655651181437
      ]
    }
  },
  "mpiw": {
    "split": {
      "1": [
        19.5342591603597,
        0.4494084558267475
      ],
      "2": [
        19.398608525594074,
        0.43065687753020226
      ],
      "4": [
        19.381594975789387,
        0.42994497659452
      ],
      "8": [
        19.355330149332683,
        0.4520764652522429
      ],
      "16": [
        19.325911204020183,
        0.44343381941604393
      ],
      "24": [
        19.30506960550944,
        0.44090174590096676
      ],
      "32": [
        19.372454325358074,
        0.46235084734292853
      ],
      "48": [
        19.53062566121419,
        0.43646417702192547
      ]
    },
    "lyap_exp": {
      "1": [
        10.786714243426404,
        0.3136815455915432
      ],
      "2": [
        11.02244673838164,
        0.30346790199459245
      ],
      "4": [
        11.660935136525913,
        0.304497452513487
      ],
      "8": [
        13.055872518929467,
        0.30154761124808266
      ],
      "16": [
        16.387726525161824,
        0.30057891806656484
      ],
      "24": [
        20.57943309968845,
        0.2898823710254572
      ],
      "32": [
        25.962834215069183,
        0.379985278014872
      ],
      "48": [
        41.37849051266075,
        0.8753577700954903
      ]
    },
    "lyap_saturating": {
      "1": [
        11.193677219803838,
        0.3212659981799947
      ],
      "2": [
        11.435518926132945,
        0.31058068340176326
      ],
      "4": [
        12.08621653301937,
        0.3120819635587832
      ],
      "8": [
        13.480123977604928,
        0.31173009560627407
      ],
      "16": [
        16.66466667579418,
        0.31962625725407884
      ],
      "24": [
        20.403979963767316,
        0.31759214098818933
      ],
      "32": [
        24.836851088545913,
        0.36790894106554156
      ],
      "48": [
        35.627695768665,
        0.5106677737953267
      ]
    },
    "lyap_clipped": {
      "1": [
        10.786714243426404,
        0.3136815455915432
      ],
      "2": [
        11.02244673838164,
        0.30346790199459245
      ],
      "4": [
        11.660935136525913,
        0.304497452513487
      ],
      "8": [
        13.055872518929467,
        0.30154761124808266
      ],
      "16": [
        16.387726525161824,
        0.30057891806656484
      ],
      "24": [
        20.57943309968845,
        0.2898823710254572
      ],
      "32": [
        25.962834215069183,
        0.379985278014872
      ],
      "48": [
        41.37849051266075,
        0.8753577700954903
      ]
    },
    "lyap_empirical": {
      "1": [
        8.899222644539822,
        0.4984841913331493
      ],
      "2": [
        8.388109105198849,
        0.22257624870553178
      ],
      "4": [
        9.56239967387872,
        0.47577889044390287
      ],
      "8": [
        15.99035413912116,
        0.5244298596651594
      ],
      "16": [
        24.48640996478036,
        0.14539388386727456
      ],
      "24": [
        24.14261623972297,
        0.6889459552070142
      ],
      "32": [
        27.657484727908365,
        0.4169889374547713
      ],
      "48": [
        25.17986939726988,
        1.0701551532400402
      ]
    }
  },
  "q_records": [
    {
      "seed": 0,
      "q_split": 1.2136787176132202,
      "lam_hat": 1.1138673590162587,
      "q_lyap_exp": 0.6747336699430811,
      "q_lyap_saturating": 0.699267280597065,
      "q_lyap_clipped": 0.6747336699430811,
      "q_lyap_empirical": 2.8336013680835945
    },
    {
      "seed": 1,
      "q_split": 1.2709895372390747,
      "lam_hat": 1.1224429462533523,
      "q_lyap_exp": 0.6857698105339203,
      "q_lyap_saturating": 0.7119567370380255,
      "q_lyap_clipped": 0.6857698105339203,
      "q_lyap_empirical": 2.6942932896809926
    },
    {
      "seed": 2,
      "q_split": 1.2231719493865967,
      "lam_hat": 1.1972646657065245,
      "q_lyap_exp": 0.629811772753013,
      "q_lyap_saturating": 0.6543304323165497,
      "q_lyap_clipped": 0.629811772753013,
      "q_lyap_empirical": 2.703384125116341
    }
  ],
  "m1_kind": "csdi"
}