{
  "scenario": {
    "name": "S2",
    "sparsity": 0.4,
    "noise": 0.3
  },
  "horizons": [
    1,
    2,
    4,
    8,
    16,
    24,
    32,
    48
  ],
  "growth_modes": [
    "exp",
    "saturating",
    "clipped",
    "empirical"
  ],
  "picp": {
    "split": {
      "1": [
        0.9949023380395929,
        0.0014215911766065855
      ],
      "2": [
        0.9980330519595615,
        0.0016387655491055635
      ],
      "4": [
        0.9893326112418958,
        0.005140799722738065
      ],
      "8": [
        0.9457557516801831,
        0.006650526700153246
      ],
      "16": [
        0.8513570430166205,
        0.0073312624938624464
      ],
      "24": [
        0.8227331851666465,
        0.00880278389823007
      ],
      "32": [
        0.7734646904703246,
        0.002155398858297555
      ],
      "48": [
        0.8093348389565325,
        0.009778233675495494
      ]
    },
    "lyap_exp": {
      "1": [
        0.9471665770685379,
        0.007752378880919595
      ],
      "2": [
        0.9506393171666607,
        0.009476570502808096
      ],
      "4": [
        0.9142997806007468,
        0.008355338011191687
      ],
      "8": [
        0.8279861527293662,
        0.010826679639522368
      ],
      "16": [
        0.7732637220731293,
        0.012923295219805968
      ],
      "24": [
        0.8493650864953338,
        0.006906929622847688
      ],
      "32": [
        0.9244534901811252,
        0.00770622249494973
      ],
      "48": [
        0.9985977169145487,
        0.0010369990855749805
      ]
    },
    "lyap_saturating": {
      "1": [
        0.95395161431576,
        0.006185981915582215
      ],
      "2": [
        0.9536881659549623,
        0.00743433356729067
      ],
      "4": [
        0.922737475758599,
        0.009386598333133989
      ],
      "8": [
        0.8407337234923443,
        0.009867538622023926
      ],
      "16": [
        0.7796392291505376,
        0.01077033517433431
      ],
      "24": [
        0.8428227215539392,
        0.005833163236320464
      ],
      "32": [
        0.9000523059819473,
        0.006937757382320862
      ],
      "48": [
        0.9813567177613285,
        0.008569713170265253
      ]
    },
    "lyap_clipped": {
      "1": [
        0.9471665770685379,
        0.007752378880919595
      ],
      "2": [
        0.9506393171666607,
        0.009476570502808096
      ],
      "4": [
        0.9142997806007468,
        0.008355338011191687
      ],
      "8": [
        0.8279861527293662,
        0.010826679639522368
      ],
      "16": [
        0.7732637220731293,
        0.012923295219805968
      ],
      "24": [
        0.8493650864953338,
        0.006906929622847688
      ],
      "32": [
        0.9244534901811252,
        0.00770622249494973
      ],
      "48": [
        0.9985977169145487,
        0.0010369990855749805
      ]
    },
    "lyap_empirical": {
      "1": [
        0.8772524161179623,
        0.009534386417894182
      ],
      "2": [
        0.8868910668128636,
        0.02145646345398118
      ],
      "4": [
        0.874683408398817,
        0.013157674573868924
      ],
      "8": [
        0.8894762848357859,
        0.01626691211706056
      ],
      "16": [
        0.9166224941368687,
        0.006488071524610016
      ],
      "24": [
        0.9003561651210057,
        0.00941132294965954
      ],
      "32": [
        0.9386971415554622,
        0.014863188245901106
      ],
      "48": [
        0.8817802569169496,
        0.008228084988102414
      ]
    }
  },
  "mpiw": {
    "split": {
      "1": [
        19.969455083211262,
        0.3958071158775862
      ],
      "2": [
        19.787777582804363,
        0.39987619795385043
      ],
      "4": [
        19.75492223103841,
        0.39062550823585074
      ],
      "8": [
        19.757006963094074,
        0.4358664196412333
      ],
      "16": [
        19.707589467366535,
        0.40198173626383926
      ],
      "24": [
        19.693671544392902,
        0.41158985469984427
      ],
      "32": [
        19.748210906982422,
        0.42329604048296754
      ],
      "48": [
        19.99609311421712,
        0.41601580303366464
      ]
    },
    "lyap_exp": {
      "1": [
        10.107381158844577,
        0.17175935015053612
      ],
      "2": [
        10.347958480552215,
        0.16369894347205532
      ],
      "4": [
        11.028594616473152,
        0.15625702476924394
      ],
      "8": [
        12.569225809043074,
        0.116984088086983
      ],
      "16": [
        16.285628548812152,
        0.10970667988591844
      ],
      "24": [
        21.139883310105443,
        0.29379967780098326
      ],
      "32": [
        27.539365854706862,
        0.6482375329408118
      ],
      "48": [
        47.07616611224853,
        2.0041547338059567
      ]
    },
    "lyap_saturating": {
      "1": [
        10.513309944376923,
        0.131540757263191
      ],
      "2": [
        10.760176479083215,
        0.12194487272128349
      ],
      "4": [
        11.453500593915896,
        0.11175764703999083
      ],
      "8": [
        12.98849603247807,
        0.07492159900969547
      ],
      "16": [
        16.49828641672371,
        0.10364842276706966
      ],
      "24": [
        20.717673486245758,
        0.2676486434756396
      ],
      "32": [
        25.746887336294026,
        0.4951513131308767
      ],
      "48": [
        38.25576185862829,
        1.0326376113414282
      ]
    },
    "lyap_clipped": {
      "1": [
        10.107381158844577,
        0.17175935015053612
      ],
      "2": [
        10.347958480552215,
        0.16369894347205532
      ],
      "4": [
        11.028594616473152,
        0.15625702476924394
      ],
      "8": [
        12.569225809043074,
        0.116984088086983
      ],
      "16": [
        16.285628548812152,
        0.10970667988591844
      ],
      "24": [
        21.139883310105443,
        0.29379967780098326
      ],
      "32": [
        27.539365854706862,
        0.6482375329408118
      ],
      "48": [
        47.07616611224853,
        2.0041547338059567
      ]
    },
    "lyap_empirical": {
      "1": [
        7.333342917266408,
        0.3819794551136832
      ],
      "2": [
        7.940305749644537,
        0.37627362637456
      ],
      "4": [
        9.648644341718132,
        0.3174004739224865
      ],
      "8": [
        15.334271944044524,
        0.8699239599386626
      ],
      "16": [
        24.414867661346694,
        0.341209339412673
      ],
      "24": [
        24.25029294400967,
        0.7595217763996678
      ],
      "32": [
        28.82621658956342,
        1.47648547205516
      ],
      "48": [
        24.824425727267002,
        1.3179662443038078
      ]
    }
  },
  "q_records": [
    {
      "seed": 0,
      "q_split": 1.2479201555252075,
      "lam_hat": 1.2616442105159476,
      "q_lyap_exp": 0.6346807300932094,
      "q_lyap_saturating": 0.6589052689651524,
      "q_lyap_clipped": 0.6346807300932094,
      "q_lyap_empirical": 2.6815751205033225
    },
    {
      "seed": 1,
      "q_split": 1.2807643413543701,
      "lam_hat": 1.2858733067386015,
      "q_lyap_exp": 0.6336224911828603,
      "q_lyap_saturating": 0.6563977274188929,
      "q_lyap_clipped": 0.6336224911828603,
      "q_lyap_empirical": 2.591826791718035
    },
    {
      "seed": 2,
      "q_split": 1.2865091562271118,
      "lam_hat": 1.3752978428808782,
      "q_lyap_exp": 0.6011411620312214,
      "q_lyap_saturating": 0.6293624070593006,
      "q_lyap_clipped": 0.6011411620312214,
      "q_lyap_empirical": 2.57915354116922
    }
  ]
}