{
  "scenario": {
    "name": "S3",
    "sparsity": 0.6,
    "noise": 0.5
  },
  "horizons": [
    1,
    2,
    4,
    8,
    16,
    24,
    32,
    48
  ],
  "growth_modes": [
    "exp",
    "saturating",
    "clipped",
    "empirical"
  ],
  "picp": {
    "split": {
      "1": [
        0.9883172124068483,
        0.005980661323173769
      ],
      "2": [
        0.9908220675175233,
        0.003879155964747328
      ],
      "4": [
        0.9767515692831067,
        0.009188858683510761
      ],
      "8": [
        0.9252979778590497,
        0.008575882813016666
      ],
      "16": [
        0.8470020395865202,
        0.007722681792505563
      ],
      "24": [
        0.8219277262964028,
        0.019175620897296217
      ],
      "32": [
        0.8069904580319799,
        0.018775899422855243
      ],
      "48": [
        0.8270376189527803,
        0.01057641924930285
      ]
    },
    "lyap_exp": {
      "1": [
        0.9373968442595894,
        0.008931738458043782
      ],
      "2": [
        0.9363855407760644,
        0.004793716024404128
      ],
      "4": [
        0.8852735309789136,
        0.020108306177637966
      ],
      "8": [
        0.8224529038949843,
        0.01907161765389693
      ],
      "16": [
        0.8010534000834376,
        0.022240757456959505
      ],
      "24": [
        0.8658717493146653,
        0.009325640402499103
      ],
      "32": [
        0.9358841135261077,
        0.004734207578420246
      ],
      "48": [
        0.9957564248163017,
        0.0025834666901010757
      ]
    },
    "lyap_saturating": {
      "1": [
        0.9419537175139415,
        0.008788207905124202
      ],
      "2": [
        0.941316880323002,
        0.005299515721225753
      ],
      "4": [
        0.8970379742832876,
        0.017547021356693476
      ],
      "8": [
        0.8330159355573068,
        0.016834577291564075
      ],
      "16": [
        0.8046400593334261,
        0.021310148340125692
      ],
      "24": [
        0.86137605400875,
        0.011237916797015617
      ],
      "32": [
        0.9193371332726977,
        0.006005926204693427
      ],
      "48": [
        0.987027249112146,
        0.005521162759073434
      ]
    },
    "lyap_clipped": {
      "1": [
        0.9373968442595894,
        0.008931738458043782
      ],
      "2": [
        0.9363855407760644,
        0.004793716024404128
      ],
      "4": [
        0.8852735309789136,
        0.020108306177637966
      ],
      "8": [
        0.8224529038949843,
        0.01907161765389693
      ],
      "16": [
        0.8010534000834376,
        0.022240757456959505
      ],
      "24": [
        0.8658717493146653,
        0.009325640402499103
      ],
      "32": [
        0.9358841135261077,
        0.004734207578420246
      ],
      "48": [
        0.9957564248163017,
        0.0025834666901010757
      ]
    },
    "lyap_empirical": {
      "1": [
        0.8755375887728829,
        0.007426092125547661
      ],
      "2": [
        0.8904880272896399,
        0.006222158112484016
      ],
      "4": [
        0.8823759750884443,
        0.01942776544773535
      ],
      "8": [
        0.8949393716927206,
        0.009129866084608121
      ],
      "16": [
        0.9126454364251609,
        0.003257611968074071
      ],
      "24": [
        0.8906447525052101,
        0.03128371614892591
      ],
      "32": [
        0.919793359530896,
        0.010479226224199584
      ],
      "48": [
        0.9043271603473085,
        0.004133021402739242
      ]
    }
  },
  "mpiw": {
    "split": {
      "1": [
        19.680147806803387,
        0.7645174896005806
      ],
      "2": [
        19.553937276204426,
        0.7481150810356467
      ],
      "4": [
        19.48211097717285,
        0.7503356185491219
      ],
      "8": [
        19.513926823933918,
        0.7734463640271332
      ],
      "16": [
        19.487258911132812,
        0.7526005348065437
      ],
      "24": [
        19.52169926961263,
        0.7864000731855502
      ],
      "32": [
        19.572909673055012,
        0.7982849915955581
      ],
      "48": [
        19.732437133789062,
        0.7579329493457004
      ]
    },
    "lyap_exp": {
      "1": [
        11.615110625395582,
        0.4222796459108156
      ],
      "2": [
        11.866207892083997,
        0.4218701761766927
      ],
      "4": [
        12.498237575997294,
        0.41739280869368456
      ],
      "8": [
        13.990644230148384,
        0.4238466880283337
      ],
      "16": [
        17.452331192091982,
        0.38765157329057814
      ],
      "24": [
        21.83990220105404,
        0.4278650103502422
      ],
      "32": [
        27.35664679383997,
        0.5396663318501068
      ],
      "48": [
        43.06548438298673,
        1.3628322613250818
      ]
    },
    "lyap_saturating": {
      "1": [
        11.960370466132963,
        0.42411641282358475
      ],
      "2": [
        12.216099116237352,
        0.42299009386086556
      ],
      "4": [
        12.855056269235943,
        0.42064155026190697
      ],
      "8": [
        14.337973325293502,
        0.43388238821161385
      ],
      "16": [
        17.630017114686964,
        0.4188147457670754
      ],
      "24": [
        21.54017921263687,
        0.4819945546490614
      ],
      "32": [
        26.083852902436103,
        0.5696402612169107
      ],
      "48": [
        37.17157759605852,
        0.8972506966596893
      ]
    },
    "lyap_clipped": {
      "1": [
        11.615110625395582,
        0.4222796459108156
      ],
      "2": [
        11.866207892083997,
        0.4218701761766927
      ],
      "4": [
        12.498237575997294,
        0.41739280869368456
      ],
      "8": [
        13.990644230148384,
        0.4238466880283337
      ],
      "16": [
        17.452331192091982,
        0.38765157329057814
      ],
      "24": [
        21.83990220105404,
        0.4278650103502422
      ],
      "32": [
        27.35664679383997,
        0.5396663318501068
      ],
      "48": [
        43.06548438298673,
        1.3628322613250818
      ]
    },
    "lyap_empirical": {
      "1": [
        8.574272329638433,
        0.5922239611459115
      ],
      "2": [
        9.92554877357275,
        0.5157044283880411
      ],
      "4": [
        12.44809636095195,
        0.9441092402614055
      ],
      "8": [
        17.42771252230432,
        0.4543680639925028
      ],
      "16": [
        23.427617948321103,
        1.0696761305223481
      ],
      "24": [
        23.46381614687,
        1.953619674493851
      ],
      "32": [
        26.11084268623195,
        1.6711379584837496
      ],
      "48": [
        24.061564123021103,
        0.5442408102855526
      ]
    }
  },
  "q_records": [
    {
      "seed": 0,
      "q_split": 1.2390843629837036,
      "lam_hat": 1.1418861644659724,
      "q_lyap_exp": 0.7205960658643016,
      "q_lyap_saturating": 0.7406787738777342,
      "q_lyap_clipped": 0.7205960658643016,
      "q_lyap_empirical": 2.663665684054571
    },
    {
      "seed": 1,
      "q_split": 1.2931172847747803,
      "lam_hat": 1.0441440073248598,
      "q_lyap_exp": 0.7626940163906385,
      "q_lyap_saturating": 0.7828494169055022,
      "q_lyap_clipped": 0.7626940163906385,
      "q_lyap_empirical": 2.7116114771435353
    },
    {
      "seed": 2,
      "q_split": 1.2934626340866089,
      "lam_hat": 1.1533004127181765,
      "q_lyap_exp": 0.7133834018041196,
      "q_lyap_saturating": 0.7385149190247633,
      "q_lyap_clipped": 0.7133834018041196,
      "q_lyap_empirical": 2.587006626975638
    }
  ]
}