{
  "S2": [
    {
      "seed": 0,
      "scenario": "S2",
      "lam_hat": 1.2616442105159476,
      "alpha_0.01": {
        "picp_raw": 1.0,
        "picp_split": 0.9834162520729685
      },
      "alpha_0.05": {
        "picp_raw": 1.0,
        "picp_split": 0.9328358208955224
      },
      "alpha_0.1": {
        "picp_raw": 1.0,
        "picp_split": 0.8772802653399668
      },
      "alpha_0.2": {
        "picp_raw": 0.9975124378109452,
        "picp_split": 0.7927031509121062
      },
      "alpha_0.3": {
        "picp_raw": 0.9908789386401327,
        "picp_split": 0.6998341625207297
      },
      "alpha_0.4": {
        "picp_raw": 0.9734660033167496,
        "picp_split": 0.5862354892205639
      },
      "alpha_0.5": {
        "picp_raw": 0.9543946932006634,
        "picp_split": 0.5091210613598673
      }
    },
    {
      "seed": 1,
      "scenario": "S2",
      "lam_hat": 1.2858733067386015,
      "alpha_0.01": {
        "picp_raw": 1.0,
        "picp_split": 0.9847756410256411
      },
      "alpha_0.05": {
        "picp_raw": 0.999198717948718,
        "picp_split": 0.9575320512820513
      },
      "alpha_0.1": {
        "picp_raw": 0.9975961538461539,
        "picp_split": 0.9142628205128205
      },
      "alpha_0.2": {
        "picp_raw": 0.9887820512820513,
        "picp_split": 0.7956730769230769
      },
      "alpha_0.3": {
        "picp_raw": 0.9839743589743589,
        "picp_split": 0.6971153846153846
      },
      "alpha_0.4": {
        "picp_raw": 0.96875,
        "picp_split": 0.624198717948718
      },
      "alpha_0.5": {
        "picp_raw": 0.9503205128205128,
        "picp_split": 0.5216346153846154
      }
    },
    {
      "seed": 2,
      "scenario": "S2",
      "lam_hat": 1.3752978428808782,
      "alpha_0.01": {
        "picp_raw": 1.0,
        "picp_split": 0.9968553459119497
      },
      "alpha_0.05": {
        "picp_raw": 1.0,
        "picp_split": 0.9567610062893082
      },
      "alpha_0.1": {
        "picp_raw": 1.0,
        "picp_split": 0.9017295597484277
      },
      "alpha_0.2": {
        "picp_raw": 0.9976415094339622,
        "picp_split": 0.8018867924528302
      },
      "alpha_0.3": {
        "picp_raw": 0.9968553459119497,
        "picp_split": 0.7004716981132075
      },
      "alpha_0.4": {
        "picp_raw": 0.9858490566037735,
        "picp_split": 0.595125786163522
      },
      "alpha_0.5": {
        "picp_raw": 0.9661949685534591,
        "picp_split": 0.5055031446540881
      }
    }
  ],
  "S3": [
    {
      "seed": 0,
      "scenario": "S3",
      "lam_hat": 1.1418861644659724,
      "alpha_0.01": {
        "picp_raw": 1.0,
        "picp_split": 0.9892205638474295
      },
      "alpha_0.05": {
        "picp_raw": 1.0,
        "picp_split": 0.9286898839137645
      },
      "alpha_0.1": {
        "picp_raw": 0.9991708126036484,
        "picp_split": 0.8830845771144279
      },
      "alpha_0.2": {
        "picp_raw": 0.9925373134328358,
        "picp_split": 0.7951907131011609
      },
      "alpha_0.3": {
        "picp_raw": 0.9759535655058044,
        "picp_split": 0.7097844112769486
      },
      "alpha_0.4": {
        "picp_raw": 0.9519071310116086,
        "picp_split": 0.6028192371475953
      },
      "alpha_0.5": {
        "picp_raw": 0.912106135986733,
        "picp_split": 0.5049751243781094
      }
    },
    {
      "seed": 1,
      "scenario": "S3",
      "lam_hat": 1.0441440073248598,
      "alpha_0.01": {
        "picp_raw": 1.0,
        "picp_split": 0.9927884615384616
      },
      "alpha_0.05": {
        "picp_raw": 0.9983974358974359,
        "picp_split": 0.9543269230769231
      },
      "alpha_0.1": {
        "picp_raw": 0.9959935897435898,
        "picp_split": 0.9110576923076923
      },
      "alpha_0.2": {
        "picp_raw": 0.9847756410256411,
        "picp_split": 0.8125
      },
      "alpha_0.3": {
        "picp_raw": 0.9711538461538461,
        "picp_split": 0.7027243589743589
      },
      "alpha_0.4": {
        "picp_raw": 0.9527243589743589,
        "picp_split": 0.6057692307692307
      },
      "alpha_0.5": {
        "picp_raw": 0.9110576923076923,
        "picp_split": 0.5024038461538461
      }
    },
    {
      "seed": 2,
      "scenario": "S3",
      "lam_hat": 1.1533004127181765,
      "alpha_0.01": {
        "picp_raw": 1.0,
        "picp_split": 0.9913522012578616
      },
      "alpha_0.05": {
        "picp_raw": 1.0,
        "picp_split": 0.9504716981132075
      },
      "alpha_0.1": {
        "picp_raw": 1.0,
        "picp_split": 0.910377358490566
      },
      "alpha_0.2": {
        "picp_raw": 0.9976415094339622,
        "picp_split": 0.8231132075471698
      },
      "alpha_0.3": {
        "picp_raw": 0.9858490566037735,
        "picp_split": 0.7067610062893082
      },
      "alpha_0.4": {
        "picp_raw": 0.9654088050314465,
        "picp_split": 0.5966981132075472
      },
      "alpha_0.5": {
        "picp_raw": 0.9339622641509434,
        "picp_split": 0.48663522012578614
      }
    }
  ]
}