{
  "S2": [
    {
      "seed": 0,
      "scenario": "S2",
      "lam_hat": 1.114616918919556,
      "alpha_0.01": {
        "picp_raw": 1.0,
        "picp_split": 0.9875621890547264
      },
      "alpha_0.05": {
        "picp_raw": 1.0,
        "picp_split": 0.9195688225538972
      },
      "alpha_0.1": {
        "picp_raw": 0.9991708126036484,
        "picp_split": 0.8888888888888888
      },
      "alpha_0.2": {
        "picp_raw": 0.9975124378109452,
        "picp_split": 0.8009950248756219
      },
      "alpha_0.3": {
        "picp_raw": 0.9859038142620232,
        "picp_split": 0.6799336650082919
      },
      "alpha_0.4": {
        "picp_raw": 0.9660033167495854,
        "picp_split": 0.5945273631840796
      },
      "alpha_0.5": {
        "picp_raw": 0.9187396351575456,
        "picp_split": 0.5033167495854063
      }
    },
    {
      "seed": 1,
      "scenario": "S2",
      "lam_hat": 1.1162370635696814,
      "alpha_0.01": {
        "picp_raw": 1.0,
        "picp_split": 0.9935897435897436
      },
      "alpha_0.05": {
        "picp_raw": 0.999198717948718,
        "picp_split": 0.9431089743589743
      },
      "alpha_0.1": {
        "picp_raw": 0.9975961538461539,
        "picp_split": 0.9022435897435898
      },
      "alpha_0.2": {
        "picp_raw": 0.9935897435897436,
        "picp_split": 0.8036858974358975
      },
      "alpha_0.3": {
        "picp_raw": 0.9799679487179487,
        "picp_split": 0.7083333333333334
      },
      "alpha_0.4": {
        "picp_raw": 0.9559294871794872,
        "picp_split": 0.6177884615384616
      },
      "alpha_0.5": {
        "picp_raw": 0.9190705128205128,
        "picp_split": 0.5296474358974359
      }
    },
    {
      "seed": 2,
      "scenario": "S2",
      "lam_hat": 1.201587562446417,
      "alpha_0.01": {
        "picp_raw": 1.0,
        "picp_split": 0.9960691823899371
      },
      "alpha_0.05": {
        "picp_raw": 1.0,
        "picp_split": 0.9559748427672956
      },
      "alpha_0.1": {
        "picp_raw": 1.0,
        "picp_split": 0.8970125786163522
      },
      "alpha_0.2": {
        "picp_raw": 1.0,
        "picp_split": 0.8089622641509434
      },
      "alpha_0.3": {
        "picp_raw": 0.9913522012578616,
        "picp_split": 0.7091194968553459
      },
      "alpha_0.4": {
        "picp_raw": 0.9724842767295597,
        "picp_split": 0.6289308176100629
      },
      "alpha_0.5": {
        "picp_raw": 0.9355345911949685,
        "picp_split": 0.49764150943396224
      }
    }
  ],
  "S3": [
    {
      "seed": 0,
      "scenario": "S3",
      "lam_hat": 0.9976444910047914,
      "alpha_0.01": {
        "picp_raw": 1.0,
        "picp_split": 0.9834162520729685
      },
      "alpha_0.05": {
        "picp_raw": 1.0,
        "picp_split": 0.9444444444444444
      },
      "alpha_0.1": {
        "picp_raw": 0.9983416252072969,
        "picp_split": 0.8905472636815921
      },
      "alpha_0.2": {
        "picp_raw": 0.9859038142620232,
        "picp_split": 0.8175787728026535
      },
      "alpha_0.3": {
        "picp_raw": 0.9701492537313433,
        "picp_split": 0.7189054726368159
      },
      "alpha_0.4": {
        "picp_raw": 0.9311774461028193,
        "picp_split": 0.62106135986733
      },
      "alpha_0.5": {
        "picp_raw": 0.884742951907131,
        "picp_split": 0.5124378109452736
      }
    },
    {
      "seed": 1,
      "scenario": "S3",
      "lam_hat": 1.0258377012959488,
      "alpha_0.01": {
        "picp_raw": 1.0,
        "picp_split": 0.9887820512820513
      },
      "alpha_0.05": {
        "picp_raw": 0.999198717948718,
        "picp_split": 0.9559294871794872
      },
      "alpha_0.1": {
        "picp_raw": 0.9975961538461539,
        "picp_split": 0.9174679487179487
      },
      "alpha_0.2": {
        "picp_raw": 0.9863782051282052,
        "picp_split": 0.7964743589743589
      },
      "alpha_0.3": {
        "picp_raw": 0.9647435897435898,
        "picp_split": 0.7147435897435898
      },
      "alpha_0.4": {
        "picp_raw": 0.936698717948718,
        "picp_split": 0.6209935897435898
      },
      "alpha_0.5": {
        "picp_raw": 0.8798076923076923,
        "picp_split": 0.5272435897435898
      }
    },
    {
      "seed": 2,
      "scenario": "S3",
      "lam_hat": 1.115754535321474,
      "alpha_0.01": {
        "picp_raw": 1.0,
        "picp_split": 0.9952830188679245
      },
      "alpha_0.05": {
        "picp_raw": 1.0,
        "picp_split": 0.9583333333333334
      },
      "alpha_0.1": {
        "picp_raw": 1.0,
        "picp_split": 0.9135220125786163
      },
      "alpha_0.2": {
        "picp_raw": 0.9952830188679245,
        "picp_split": 0.8317610062893082
      },
      "alpha_0.3": {
        "picp_raw": 0.9716981132075472,
        "picp_split": 0.7405660377358491
      },
      "alpha_0.4": {
        "picp_raw": 0.9378930817610063,
        "picp_split": 0.6242138364779874
      },
      "alpha_0.5": {
        "picp_raw": 0.8867924528301887,
        "picp_split": 0.5141509433962265
      }
    }
  ],
  "_m1_kind": "csdi"
}