{
  "N_L96": 20,
  "tau_max": 30,
  "n_ctx": 1500,
  "n_seeds": 5,
  "singular_values_per_L": {
    "3": [
      [
        0.5513126477562633,
        0.16971984636776125
      ],
      [
        0.7595030471437892,
        0.3512579366374084
      ],
      [
        1.8357427205601542,
        0.021997738810136166
      ],
      [
        1.0196084649439165,
        0.698348185829781
      ],
      [
        0.3852888018855849,
        0.046081846549008224
      ]
    ],
    "5": [
      [
        1.0393390945143761,
        0.8734805614399067,
        0.5775180215980077,
        0.04414011968133076
      ],
      [
        4.073371824621801,
        0.9920034881905563,
        0.7763594705358515,
        0.00980665229362603
      ],
      [
        2.8891931916714984,
        1.7565425524007727,
        0.7812985565929882,
        0.21330356719881807
      ],
      [
        2.4133354152776683,
        0.5800044093584127,
        0.4715768294385201,
        0.05482516915661623
      ],
      [
        1.1274058496738846,
        0.9385885608261455,
        0.10511900554033796,
        0.018761804819898743
      ]
    ],
    "7": [
      [
        4.987588244011957,
        3.3835523834772148,
        3.180125098782093,
        0.627028693747133,
        0.16777066959524053,
        0.032578087254451334
      ],
      [
        5.182488580719996,
        1.8172452576290998,
        0.7296917005902737,
        0.43154512939352346,
        0.04660087676850447,
        0.025225002475315558
      ],
      [
        4.402714850522376,
        3.4828222894022103,
        1.7912073488966647,
        0.7313111812617111,
        0.38562150775251264,
        0.044044105932510964
      ],
      [
        5.459006192090099,
        2.050280026566939,
        1.3369385895603665,
        0.4549529631090881,
        0.2276270677547059,
        0.014590014893323778
      ],
      [
        4.099423068113038,
        2.7975074345563473,
        1.1667238767307675,
        0.7808423256570738,
        0.18926940565050035,
        0.07594315178775725
      ]
    ]
  }
}