{
  "seed": 44,
  "timestamp": "20260417_121926",
  "trainlength": 60,
  "horizon": 40,
  "target_dim": 0,
  "dataset": "lorenz63",
  "rde_full40": {
    "rmse": 0.3519518174216723,
    "mae": 0.2609460084657672
  },
  "rde_delay_full40": {
    "rmse": 1.1555599362036693,
    "mae": 0.9091195537572212
  },
  "rde_cmp20": {
    "rmse": 0.33991630366707054,
    "mae": 0.24958898737102758
  },
  "rde_delay_cmp20": {
    "rmse": 1.1582109904392903,
    "mae": 0.9062898692334429
  },
  "csdi_impute_rmse": 0.17505798949483958
}