{
    "overall": {
        "rmse": 7.4386474178869815,
        "mae": 5.046216085846526
    },
    "horizon": 40
}