{
    "overall": {
        "rmse": 14.949714828279255,
        "mae": 11.66201141293888
    },
    "horizon": 40
}