{
    "overall": {
        "rmse": 6.047891053993558,
        "mae": 4.224471738819418
    },
    "horizon": 40
}