{
    "overall": {
        "rmse": 5.844558169073152,
        "mae": 3.862072654255961
    },
    "horizon": 40
}