{
    "overall": {
        "rmse": 13.93356171183657,
        "mae": 9.300109535012144
    },
    "horizon": 24
}