{
    "overall": {
        "rmse": 15.391328369367466,
        "mae": 10.005230259892414
    },
    "L": 10,
    "s": 100,
    "steps_ahead": 1,
    "trainlength": 5,
    "horizon": 24
}