{
    "overall": {
        "rmse": 6.236323767305315,
        "mae": 5.188355923295806
    },
    "horizon": 24
}