{
    "overall": {
        "rmse": 61.47131400781405,
        "mae": 53.7702071601194
    },
    "horizon": 24,
    "target_indices": [
        0,
        1,
        2
    ]
}