dim,rmse,mae
0,61.34429646174863,53.67241426448163
1,61.020193932796275,53.30531648343898
2,62.04498820661386,54.33289073243759
