{
    "overall": {
        "rmse": 8.32984332854873,
        "mae": 5.988522824742041
    },
    "horizon": 40
}