{
    "overall": {
        "rmse": 4.1047472427200455,
        "mae": 3.257085006186889
    },
    "horizon": 40
}