{
    "step": 0,
    "traindata_stats": {
        "name": "traindata",
        "shape": [
            400,
            36
        ],
        "nan_count": 0,
        "inf_count": 0,
        "min": 3.0,
        "max": 517.1016,
        "mean": 124.60458493758333,
        "std": 102.29013974805737
    },
    "baseline_prev_true_stats": {
        "name": "baseline_prev_true",
        "shape": [
            36
        ],
        "nan_count": 0,
        "inf_count": 0,
        "min": 95.0,
        "max": 249.0,
        "mean": 158.7578480555556,
        "std": 36.30095814934862
    },
    "targets": [
        {
            "target_idx": 0,
            "L": 8,
            "s_selected": 100,
            "ok_count": 100,
            "fail_exception_count": 0,
            "fail_degenerate_count": 0,
            "valid_pred_count": 100,
            "pred_min": 115.57247080703682,
            "pred_max": 225.32952924666054,
            "pred_mean": 167.190466298633
        },
        {
            "target_idx": 1,
            "L": 8,
            "s_selected": 100,
            "ok_count": 100,
            "fail_exception_count": 0,
            "fail_degenerate_count": 0,
            "valid_pred_count": 100,
            "pred_min": 103.60779541141272,
            "pred_max": 195.29320207622794,
            "pred_mean": 157.35192647750813
        },
        {
            "target_idx": 2,
            "L": 8,
            "s_selected": 100,
            "ok_count": 100,
            "fail_exception_count": 0,
            "fail_degenerate_count": 0,
            "valid_pred_count": 100,
            "pred_min": 119.41472416242483,
            "pred_max": 165.90716381409027,
            "pred_mean": 147.68983420858595
        }
    ],
    "pred_row_stats": {
        "name": "pred_row",
        "shape": [
            36
        ],
        "nan_count": 0,
        "inf_count": 0,
        "min": 95.0,
        "max": 249.0,
        "mean": 159.2048508445622,
        "std": 36.24318827005857
    },
    "true_row_stats": {
        "name": "true_row",
        "shape": [
            36
        ],
        "nan_count": 5,
        "inf_count": 0,
        "min": 119.0,
        "max": 271.0,
        "mean": 160.4516129032258,
        "std": 30.589729153044292
    }
}