{
    "overall": {
        "rmse": 2.692481944027993,
        "mae": 2.0856317062310366
    },
    "horizon": 20
}