dim,rmse,mae
0,12.250952903610987,9.853571988796679
1,10.205037338340018,8.882854802895054
2,12.884587210809785,10.413104981589868
