{
    "overall": {
        "rmse": 11.835556904463369,
        "mae": 9.716510591093867
    },
    "horizon": 24,
    "target_indices": [
        0,
        1,
        2
    ]
}