{
    "overall": {
        "rmse": 14.004525833318997,
        "mae": 9.317709715316864
    },
    "horizon": 24
}