{
    "step": 0,
    "traindata_stats": {
        "name": "traindata",
        "shape": [
            600,
            36
        ],
        "nan_count": 0,
        "inf_count": 0,
        "min": 2.8443832,
        "max": 517.1016,
        "mean": 135.3683490674537,
        "std": 117.42006955130302
    },
    "baseline_prev_true_stats": {
        "name": "baseline_prev_true",
        "shape": [
            36
        ],
        "nan_count": 0,
        "inf_count": 0,
        "min": 95.0,
        "max": 249.0,
        "mean": 158.7578480555556,
        "std": 36.30095814934862
    },
    "targets": [
        {
            "target_idx": 0,
            "L": 6,
            "s_selected": 100,
            "ok_count": 100,
            "fail_exception_count": 0,
            "fail_degenerate_count": 0,
            "valid_pred_count": 100,
            "pred_min": 113.32646832710037,
            "pred_max": 213.6432860536502,
            "pred_mean": 160.0436501989614
        },
        {
            "target_idx": 1,
            "L": 6,
            "s_selected": 100,
            "ok_count": 100,
            "fail_exception_count": 0,
            "fail_degenerate_count": 0,
            "valid_pred_count": 100,
            "pred_min": 86.28374801774933,
            "pred_max": 225.85863323033698,
            "pred_mean": 160.9782934331947
        },
        {
            "target_idx": 2,
            "L": 6,
            "s_selected": 100,
            "ok_count": 100,
            "fail_exception_count": 0,
            "fail_degenerate_count": 0,
            "valid_pred_count": 100,
            "pred_min": 102.43095140767127,
            "pred_max": 179.61227436644361,
            "pred_mean": 146.4196323388028
        }
    ],
    "pred_row_stats": {
        "name": "pred_row",
        "shape": [
            36
        ],
        "nan_count": 0,
        "inf_count": 0,
        "min": 95.0,
        "max": 249.0,
        "mean": 159.08046882669885,
        "std": 36.22969051304347
    },
    "true_row_stats": {
        "name": "true_row",
        "shape": [
            36
        ],
        "nan_count": 5,
        "inf_count": 0,
        "min": 119.0,
        "max": 271.0,
        "mean": 160.4516129032258,
        "std": 30.589729153044292
    }
}