{
    "overall": {
        "rmse": 52.384556688819934,
        "mae": 44.4183559225709
    },
    "horizon": 24
}