dim,name,rmse,mae
0,dim_0,57.57208387994385,45.16474980466986
1,dim_1,52.61918519567548,46.94782990481281
2,dim_2,46.358406416921675,41.14248805823005
