{
  "seed": 45,
  "timestamp": "20260420_031736",
  "trainlength": 60,
  "horizon": 40,
  "target_dim": 0,
  "dataset": "lorenz63",
  "rde_full40": {
    "rmse": 0.5204765074113513,
    "mae": 0.3463808216008578
  },
  "rde_delay_full40": {
    "rmse": 0.9826117544563848,
    "mae": 0.7696423351976519
  },
  "rde_cmp20": {
    "rmse": 0.402436450899913,
    "mae": 0.29645514217446756
  },
  "rde_delay_cmp20": {
    "rmse": 0.9652691703049142,
    "mae": 0.7344442943302996
  },
  "csdi_impute_rmse": 0.5640776998538717
}