{
  "seed": 46,
  "timestamp": "20260417_132947",
  "trainlength": 60,
  "horizon": 40,
  "target_dim": 0,
  "dataset": "lorenz96",
  "rde_full40": {
    "rmse": 0.23073342046666834,
    "mae": 0.1956670037896105
  },
  "rde_delay_full40": {
    "rmse": 0.21482518771956008,
    "mae": 0.1852017919696217
  },
  "rde_cmp20": {
    "rmse": 0.18935568366116073,
    "mae": 0.17205462909229213
  },
  "rde_delay_cmp20": {
    "rmse": 0.18942289096640175,
    "mae": 0.1674053684335443
  },
  "csdi_impute_rmse": 0.09633477640032093
}