{
    "overall": {
        "rmse": 13.96949737801487,
        "mae": 9.356947784961099
    },
    "horizon": 24
}