{
    "step": 0,
    "traindata_stats": {
        "name": "traindata",
        "shape": [
            400,
            36
        ],
        "nan_count": 0,
        "inf_count": 0,
        "min": 3.0,
        "max": 517.1016,
        "mean": 124.60458493758333,
        "std": 102.29013974805737
    },
    "baseline_prev_true_stats": {
        "name": "baseline_prev_true",
        "shape": [
            36
        ],
        "nan_count": 0,
        "inf_count": 0,
        "min": 95.0,
        "max": 249.0,
        "mean": 158.7578480555556,
        "std": 36.30095814934862
    },
    "targets": [
        {
            "target_idx": 0,
            "L": 9,
            "s_selected": 100,
            "ok_count": 100,
            "fail_exception_count": 0,
            "fail_degenerate_count": 0,
            "valid_pred_count": 100,
            "pred_min": 130.46759862211806,
            "pred_max": 236.83043151568504,
            "pred_mean": 169.41019705270247
        },
        {
            "target_idx": 1,
            "L": 9,
            "s_selected": 100,
            "ok_count": 100,
            "fail_exception_count": 0,
            "fail_degenerate_count": 0,
            "valid_pred_count": 100,
            "pred_min": 113.87389612324083,
            "pred_max": 188.75228231337672,
            "pred_mean": 161.12269836078917
        },
        {
            "target_idx": 2,
            "L": 9,
            "s_selected": 100,
            "ok_count": 100,
            "fail_exception_count": 0,
            "fail_degenerate_count": 0,
            "valid_pred_count": 100,
            "pred_min": 119.1464912861594,
            "pred_max": 176.79538040018025,
            "pred_mean": 150.12282394945066
        }
    ],
    "pred_row_stats": {
        "name": "pred_row",
        "shape": [
            36
        ],
        "nan_count": 0,
        "inf_count": 0,
        "min": 95.0,
        "max": 249.0,
        "mean": 159.43436450691527,
        "std": 36.23840409837094
    },
    "true_row_stats": {
        "name": "true_row",
        "shape": [
            36
        ],
        "nan_count": 5,
        "inf_count": 0,
        "min": 119.0,
        "max": 271.0,
        "mean": 160.4516129032258,
        "std": 30.589729153044292
    }
}