{
  "overall": {
    "rmse": 87.57314388800306,
    "mae": 73.14899359809027
  },
  "horizon": 24
}