{
  "overall": {
    "rmse": 14.988877581003912,
    "mae": 12.043560756163034
  },
  "horizon": 40
}