{
    "overall": {
        "rmse": 13.947482053892486,
        "mae": 9.312192425612523
    },
    "horizon": 24
}