dim,name,rmse,mae
0,dim_0,20.076036857015584,15.858209211652289
1,dim_1,20.473875148103016,16.04723621382891
2,dim_2,20.21223772090166,16.60420812937832
