{
    "overall": {
        "rmse": 20.254722685097406,
        "mae": 16.16988451828651
    },
    "horizon": 24
}