{
    "overall": {
        "rmse": 27.797814358293007,
        "mae": 20.911634734256733
    },
    "horizon": 24
}