{
    "overall": {
        "rmse": 6.887076541583071,
        "mae": 5.229918633471295
    },
    "horizon": 20
}