{
    "overall": {
        "rmse": 21.040003705455618,
        "mae": 13.930413616715255
    },
    "horizon": 24
}