{
  "overall": {
    "rmse": 4.083991328097908,
    "mae": 3.2647475053206634
  },
  "horizon": 40
}