{
    "overall": {
        "rmse": 13.972543659597779,
        "mae": 9.2880512369285
    },
    "horizon": 24
}