{
  "overall": {
    "rmse": 15.209231645373157,
    "mae": 12.01780559338016
  },
  "horizon": 40
}