{
    "overall": {
        "rmse": 4.159243722138004,
        "mae": 3.315298928761318
    },
    "horizon": 40
}