{
    "overall": {
        "rmse": 13.885626359776504,
        "mae": 9.269186839796422
    },
    "horizon": 24
}