{
  "seed": 45,
  "timestamp": "20260417_130457",
  "trainlength": 60,
  "horizon": 40,
  "target_dim": 0,
  "dataset": "lorenz96",
  "rde_full40": {
    "rmse": 0.25894197210104253,
    "mae": 0.22359714768238886
  },
  "rde_delay_full40": {
    "rmse": 0.23857938509040286,
    "mae": 0.19584704451118734
  },
  "rde_cmp20": {
    "rmse": 0.24803033347777834,
    "mae": 0.21694889251105948
  },
  "rde_delay_cmp20": {
    "rmse": 0.21625071992103984,
    "mae": 0.1877791432413501
  },
  "csdi_impute_rmse": 0.08713210937075744
}