{
  "overall": {
    "rmse": 6.658687597122186,
    "mae": 5.180468946810243
  },
  "horizon": 40
}