{
    "overall": {
        "rmse": 13.899237548048218,
        "mae": 9.287086680714706
    },
    "horizon": 24
}