{
  "seed": 43,
  "timestamp": "20260420_031734",
  "trainlength": 60,
  "horizon": 40,
  "target_dim": 0,
  "dataset": "lorenz63",
  "rde_full40": {
    "rmse": 0.7524189568454182,
    "mae": 0.4866070291673138
  },
  "rde_delay_full40": {
    "rmse": 2.197711169212771,
    "mae": 1.7019809273316082
  },
  "rde_cmp20": {
    "rmse": 0.6579044230758149,
    "mae": 0.4126531801042611
  },
  "rde_delay_cmp20": {
    "rmse": 2.2033762019939553,
    "mae": 1.7262995222896034
  },
  "csdi_impute_rmse": 0.12573209069765956
}