{
  "overall": {
    "rmse": 99.98380508951949,
    "mae": 86.26734754774306
  },
  "horizon": 24
}