{
  "seed": 43,
  "timestamp": "20260417_122411",
  "trainlength": 60,
  "horizon": 40,
  "target_dim": 0,
  "dataset": "lorenz96",
  "rde_full40": {
    "rmse": 0.20250890549217704,
    "mae": 0.16022664576710582
  },
  "rde_delay_full40": {
    "rmse": 0.16261331723737527,
    "mae": 0.129892142918222
  },
  "rde_cmp20": {
    "rmse": 0.21895087443632327,
    "mae": 0.1626434081591843
  },
  "rde_delay_cmp20": {
    "rmse": 0.15592434286630227,
    "mae": 0.12723586901182965
  },
  "csdi_impute_rmse": 0.11158242547549875
}