{
    "overall": {
        "rmse": 14.029227750500423,
        "mae": 9.424559004939043
    },
    "horizon": 24
}