{
    "overall": {
        "rmse": 27.65919573879464,
        "mae": 13.745117904952954
    },
    "horizon": 24
}