dim,rmse,mae
0,12.53724003002574,10.473153364406244
1,11.070653987274222,9.477265773300738
2,12.716561214539016,11.073470729902738
