{
    "overall": {
        "rmse": 12.130577018421237,
        "mae": 10.341296622536573
    },
    "horizon": 24,
    "target_indices": [
        0,
        1,
        2
    ]
}