{
  "seed": 44,
  "timestamp": "20260420_031737",
  "trainlength": 60,
  "horizon": 40,
  "target_dim": 0,
  "dataset": "lorenz63",
  "rde_full40": {
    "rmse": 0.3519518174216723,
    "mae": 0.2609460084657672
  },
  "rde_delay_full40": {
    "rmse": 1.4991659346077697,
    "mae": 1.2588184505373305
  },
  "rde_cmp20": {
    "rmse": 0.33991630366707054,
    "mae": 0.24958898737102758
  },
  "rde_delay_cmp20": {
    "rmse": 1.3258489256228585,
    "mae": 1.100511177774909
  },
  "csdi_impute_rmse": 0.17505798949483958
}