{
    "overall": {
        "rmse": 13.966097891837359,
        "mae": 9.372085967935696
    },
    "horizon": 24
}