{
    "overall": {
        "rmse": 16.116463661867442,
        "mae": 11.275725997025852
    },
    "horizon": 24
}