{
  "seed": 42,
  "timestamp": "20260417_114844",
  "trainlength": 60,
  "horizon": 40,
  "target_dim": 0,
  "dataset": "lorenz63",
  "rde_full40": {
    "rmse": 0.7096083413326856,
    "mae": 0.5000195418018407
  },
  "rde_delay_full40": {
    "rmse": 1.5427368623515003,
    "mae": 1.2360857860413663
  },
  "rde_cmp20": {
    "rmse": 0.7194446759990936,
    "mae": 0.5296143106431969
  },
  "rde_delay_cmp20": {
    "rmse": 1.4772207496840344,
    "mae": 1.1790543928225687
  },
  "csdi_impute_rmse": 0.17486648538534247
}