{
    "overall": {
        "rmse": 8.590474537784784,
        "mae": 7.00466626794967
    },
    "horizon": 40
}