{
    "step": 0,
    "traindata_stats": {
        "name": "traindata",
        "shape": [
            400,
            36
        ],
        "nan_count": 0,
        "inf_count": 0,
        "min": 3.0,
        "max": 517.1016,
        "mean": 124.60458493758333,
        "std": 102.29013974805737
    },
    "baseline_prev_true_stats": {
        "name": "baseline_prev_true",
        "shape": [
            36
        ],
        "nan_count": 0,
        "inf_count": 0,
        "min": 95.0,
        "max": 249.0,
        "mean": 158.7578480555556,
        "std": 36.30095814934862
    },
    "targets": [
        {
            "target_idx": 0,
            "L": 6,
            "s_selected": 200,
            "ok_count": 200,
            "fail_exception_count": 0,
            "fail_degenerate_count": 0,
            "valid_pred_count": 200,
            "pred_min": 93.70495899131025,
            "pred_max": 237.68180784699982,
            "pred_mean": 160.10123813013405
        },
        {
            "target_idx": 1,
            "L": 6,
            "s_selected": 200,
            "ok_count": 200,
            "fail_exception_count": 0,
            "fail_degenerate_count": 0,
            "valid_pred_count": 200,
            "pred_min": 51.864533154710244,
            "pred_max": 300.3316261137301,
            "pred_mean": 160.28437396585957
        },
        {
            "target_idx": 2,
            "L": 6,
            "s_selected": 200,
            "ok_count": 200,
            "fail_exception_count": 0,
            "fail_degenerate_count": 0,
            "valid_pred_count": 200,
            "pred_min": 85.91139414404252,
            "pred_max": 173.6982429982409,
            "pred_mean": 144.85060010009914
        }
    ],
    "pred_row_stats": {
        "name": "pred_row",
        "shape": [
            36
        ],
        "nan_count": 0,
        "inf_count": 0,
        "min": 95.0,
        "max": 249.0,
        "mean": 159.00976677122924,
        "std": 36.24578533808333
    },
    "true_row_stats": {
        "name": "true_row",
        "shape": [
            36
        ],
        "nan_count": 5,
        "inf_count": 0,
        "min": 119.0,
        "max": 271.0,
        "mean": 160.4516129032258,
        "std": 30.589729153044292
    }
}