dim,rmse,mae
0,90.42079863976734,67.30411000137065
1,92.9511349629882,70.0195589043692
2,89.78273087190921,66.98959149367056
