{
    "overall": {
        "rmse": 91.06183445033139,
        "mae": 68.1044201331368
    },
    "horizon": 24,
    "target_indices": [
        0,
        1,
        2
    ]
}