{
  "overall": {
    "rmse": 90.72415267131313,
    "mae": 86.10217975434803
  },
  "horizon": 24
}